seed,variant,generation,campaign_wall_s,training_physics_steps,precision,recall,f1,matched,target_notes,actual_notes,solver_warnings
0,adaptive,0,2.1560000000008586,0,0.0,0.0,0,0,12,22,0
0,adaptive,1,14.25,186000,0.0,0.0,0,0,12,14,0
0,adaptive,2,54.0630000000001,372000,0.05555555555555555,0.08333333333333333,0.06666666666666667,1,12,18,0
0,adaptive,3,101.54700000000048,558000,0.058823529411764705,0.08333333333333333,0.06896551724137931,1,12,17,0
0,adaptive,4,139.73500000000058,744000,0.05555555555555555,0.08333333333333333,0.06666666666666667,1,12,18,0
0,adaptive,5,171.92200000000048,930000,0.0625,0.08333333333333333,0.07142857142857144,1,12,16,0
0,adaptive,6,217.64100000000144,1116000,0.14285714285714285,0.16666666666666666,0.15384615384615383,2,12,14,0
0,adaptive,7,271.3600000000006,1302000,0.13333333333333333,0.16666666666666666,0.14814814814814814,2,12,15,0
0,adaptive,8,309.96900000000096,1488000,0.125,0.16666666666666666,0.14285714285714288,2,12,16,0
0,adaptive,9,342.71900000000096,1674000,0.13333333333333333,0.16666666666666666,0.14814814814814814,2,12,15,0
0,adaptive,10,395.9380000000001,1860000,0.14285714285714285,0.16666666666666666,0.15384615384615383,2,12,14,0
0,adaptive,11,447.76600000000144,2046000,0.15384615384615385,0.16666666666666666,0.16,2,12,13,0
0,adaptive,12,480.7970000000005,2232000,0.15384615384615385,0.16666666666666666,0.16,2,12,13,0
0,adaptive,13,513.25,2418000,0.15384615384615385,0.16666666666666666,0.16,2,12,13,0
0,adaptive,14,546.1880000000001,2604000,0.125,0.16666666666666666,0.14285714285714288,2,12,16,0
0,adaptive,15,579.7810000000009,2790000,0.11764705882352941,0.16666666666666666,0.13793103448275862,2,12,17,0
0,adaptive,16,612.9060000000009,2976000,0.14285714285714285,0.16666666666666666,0.15384615384615383,2,12,14,0
0,adaptive,17,646.4530000000013,3162000,0.14285714285714285,0.16666666666666666,0.15384615384615383,2,12,14,0
0,adaptive,18,679.8280000000013,3348000,0.14285714285714285,0.16666666666666666,0.15384615384615383,2,12,14,0
0,adaptive,19,714.219000000001,3534000,0.125,0.16666666666666666,0.14285714285714288,2,12,16,0
0,adaptive,20,746.9850000000006,3720000,0.14285714285714285,0.16666666666666666,0.15384615384615383,2,12,14,0
0,adaptive,21,780.3600000000006,3906000,0.15384615384615385,0.16666666666666666,0.16,2,12,13,0
0,adaptive,22,813.969000000001,4092000,0.125,0.16666666666666666,0.14285714285714288,2,12,16,0
0,adaptive,23,865.9850000000006,4278000,0.13333333333333333,0.16666666666666666,0.14814814814814814,2,12,15,0
0,adaptive,24,915.3130000000001,4464000,0.15384615384615385,0.16666666666666666,0.16,2,12,13,0
0,adaptive,25,950.5310000000009,4650000,0.14285714285714285,0.16666666666666666,0.15384615384615383,2,12,14,0
0,adaptive,26,986.6560000000009,4836000,0.125,0.16666666666666666,0.14285714285714288,2,12,16,0
0,adaptive,27,1030.6560000000009,5022000,0.125,0.16666666666666666,0.14285714285714288,2,12,16,0
0,adaptive,28,1079.938,5208000,0.14285714285714285,0.16666666666666666,0.15384615384615383,2,12,14,0
0,adaptive,29,1115.9220000000005,5394000,0.15384615384615385,0.16666666666666666,0.16,2,12,13,0
0,adaptive,30,1157.594000000001,5580000,0.15384615384615385,0.16666666666666666,0.16,2,12,13,0
0,adaptive,31,1198.4220000000005,5766000,0.16666666666666666,0.16666666666666666,0.16666666666666666,2,12,12,0
0,adaptive,32,1230.7970000000005,5952000,0.13333333333333333,0.16666666666666666,0.14814814814814814,2,12,15,0
0,adaptive,33,1263.4530000000013,6138000,0.16666666666666666,0.16666666666666666,0.16666666666666666,2,12,12,0
0,adaptive,34,1296.4220000000005,6324000,0.16666666666666666,0.16666666666666666,0.16666666666666666,2,12,12,0
0,adaptive,35,1347.1410000000014,6510000,0.16666666666666666,0.16666666666666666,0.16666666666666666,2,12,12,0
0,adaptive,36,1398.5,6696000,0.16666666666666666,0.16666666666666666,0.16666666666666666,2,12,12,0
0,adaptive,37,1436.938,6882000,0.16666666666666666,0.16666666666666666,0.16666666666666666,2,12,12,0
0,adaptive,38,1469.7660000000014,7068000,0.15384615384615385,0.16666666666666666,0.16,2,12,13,0
0,adaptive,39,1501.844000000001,7254000,0.15384615384615385,0.16666666666666666,0.16,2,12,13,0
0,adaptive,40,1534.5,7440000,0.15384615384615385,0.16666666666666666,0.16,2,12,13,0
0,adaptive,41,1577.25,7626000,0.16666666666666666,0.16666666666666666,0.16666666666666666,2,12,12,0
0,adaptive,42,1618.9060000000009,7812000,0.15384615384615385,0.16666666666666666,0.16,2,12,13,0
0,adaptive,43,1650.7810000000009,7998000,0.13333333333333333,0.16666666666666666,0.14814814814814814,2,12,15,0
0,adaptive,44,1685.0160000000014,8184000,0.15384615384615385,0.16666666666666666,0.16,2,12,13,0
0,adaptive,45,1720.0310000000009,8370000,0.14285714285714285,0.16666666666666666,0.15384615384615383,2,12,14,0
0,adaptive,46,1755.1560000000009,8556000,0.16666666666666666,0.16666666666666666,0.16666666666666666,2,12,12,0
0,adaptive,47,1804.75,8742000,0.15384615384615385,0.16666666666666666,0.16,2,12,13,0
0,adaptive,48,1837.313,8928000,0.16666666666666666,0.16666666666666666,0.16666666666666666,2,12,12,0
0,adaptive,49,1869.813,9114000,0.15384615384615385,0.16666666666666666,0.16,2,12,13,0
0,adaptive,50,1902.594000000001,9300000,0.18181818181818182,0.16666666666666666,0.17391304347826086,2,12,11,0
0,adaptive,51,1939.8910000000014,9486000,0.15384615384615385,0.16666666666666666,0.16,2,12,13,0
0,adaptive,52,1973.6410000000014,9672000,0.15384615384615385,0.16666666666666666,0.16,2,12,13,0
0,adaptive,53,2008.3910000000014,9858000,0.16666666666666666,0.16666666666666666,0.16666666666666666,2,12,12,0
0,adaptive,54,2048.4220000000005,10044000,0.18181818181818182,0.16666666666666666,0.17391304347826086,2,12,11,0
0,adaptive,55,2085.563,10230000,0.15384615384615385,0.16666666666666666,0.16,2,12,13,0
0,adaptive,56,2121.3280000000013,10416000,0.16666666666666666,0.16666666666666666,0.16666666666666666,2,12,12,0
0,adaptive,57,2154.8280000000013,10602000,0.15384615384615385,0.16666666666666666,0.16,2,12,13,0
0,adaptive,58,2190.094000000001,10788000,0.16666666666666666,0.16666666666666666,0.16666666666666666,2,12,12,0
0,adaptive,59,2229.3910000000014,10974000,0.15384615384615385,0.16666666666666666,0.16,2,12,13,0
0,adaptive,60,2290.0160000000014,11160000,0.14285714285714285,0.16666666666666666,0.15384615384615383,2,12,14,0
0,adaptive,61,2342.4220000000005,11346000,0.14285714285714285,0.16666666666666666,0.15384615384615383,2,12,14,0
0,adaptive,62,2392.875,11532000,0.16666666666666666,0.16666666666666666,0.16666666666666666,2,12,12,0
0,adaptive,63,2434.813,11718000,0.16666666666666666,0.16666666666666666,0.16666666666666666,2,12,12,0
0,adaptive,64,2478.781000000001,11904000,0.2,0.16666666666666666,0.1818181818181818,2,12,10,0
0,adaptive,65,2529.813,12090000,0.2,0.16666666666666666,0.1818181818181818,2,12,10,0
0,adaptive,66,2581.8280000000013,12276000,0.2222222222222222,0.16666666666666666,0.1904761904761905,2,12,9,0
0,adaptive,67,2616.1410000000014,12462000,0.16666666666666666,0.16666666666666666,0.16666666666666666,2,12,12,0
0,adaptive,68,2658.063,12648000,0.18181818181818182,0.16666666666666666,0.17391304347826086,2,12,11,0
0,adaptive,69,2711.9850000000006,12834000,0.16666666666666666,0.16666666666666666,0.16666666666666666,2,12,12,0
0,adaptive,70,2763.406000000001,13020000,0.16666666666666666,0.16666666666666666,0.16666666666666666,2,12,12,0
0,frozen,0,2.9690000000009604,0,0.0,0.0,0,0,12,22,0
0,frozen,1,17.875,186000,0.07142857142857142,0.08333333333333333,0.07692307692307691,1,12,14,0
0,frozen,2,59.26600000000144,372000,0.05263157894736842,0.08333333333333333,0.06451612903225808,1,12,19,0
0,frozen,3,107.48500000000058,558000,0.15789473684210525,0.25,0.1935483870967742,3,12,19,0
0,frozen,4,143.40600000000086,744000,0.16666666666666666,0.25,0.2,3,12,18,0
0,frozen,5,175.5630000000001,930000,0.15789473684210525,0.25,0.1935483870967742,3,12,19,0
0,frozen,6,223.46900000000096,1116000,0.17647058823529413,0.25,0.20689655172413793,3,12,17,0
0,frozen,7,277.0,1302000,0.2,0.25,0.22222222222222224,3,12,15,0
0,frozen,8,313.59400000000096,1488000,0.21428571428571427,0.25,0.23076923076923075,3,12,14,0
0,frozen,9,348.01600000000144,1674000,0.1875,0.25,0.21428571428571427,3,12,16,0
0,frozen,10,401.7970000000005,1860000,0.2,0.25,0.22222222222222224,3,12,15,0
0,frozen,11,451.6100000000006,2046000,0.21428571428571427,0.25,0.23076923076923075,3,12,14,0
0,frozen,12,484.39100000000144,2232000,0.26666666666666666,0.3333333333333333,0.2962962962962963,4,12,15,0
0,frozen,13,516.8910000000014,2418000,0.25,0.3333333333333333,0.28571428571428575,4,12,16,0
0,frozen,14,549.9380000000001,2604000,0.26666666666666666,0.3333333333333333,0.2962962962962963,4,12,15,0
0,frozen,15,583.3600000000006,2790000,0.26666666666666666,0.3333333333333333,0.2962962962962963,4,12,15,0
0,frozen,16,616.594000000001,2976000,0.2857142857142857,0.3333333333333333,0.30769230769230765,4,12,14,0
0,frozen,17,650.4220000000005,3162000,0.26666666666666666,0.3333333333333333,0.2962962962962963,4,12,15,0
0,frozen,18,683.6560000000009,3348000,0.25,0.3333333333333333,0.28571428571428575,4,12,16,0
0,frozen,19,717.8130000000001,3534000,0.3076923076923077,0.3333333333333333,0.32,4,12,13,0
0,frozen,20,750.625,3720000,0.35714285714285715,0.4166666666666667,0.3846153846153846,5,12,14,0
0,frozen,21,783.875,3906000,0.3125,0.4166666666666667,0.35714285714285715,5,12,16,0
0,frozen,22,819.844000000001,4092000,0.3125,0.4166666666666667,0.35714285714285715,5,12,16,0
0,frozen,23,871.719000000001,4278000,0.3125,0.4166666666666667,0.35714285714285715,5,12,16,0
0,frozen,24,919.7350000000006,4464000,0.29411764705882354,0.4166666666666667,0.3448275862068966,5,12,17,0
0,frozen,25,954.625,4650000,0.29411764705882354,0.4166666666666667,0.3448275862068966,5,12,17,0
0,frozen,26,990.5470000000005,4836000,0.3125,0.4166666666666667,0.35714285714285715,5,12,16,0
0,frozen,27,1035.719000000001,5022000,0.35714285714285715,0.4166666666666667,0.3846153846153846,5,12,14,0
0,frozen,28,1083.3910000000014,5208000,0.3333333333333333,0.4166666666666667,0.3703703703703704,5,12,15,0
0,frozen,29,1121.5,5394000,0.3333333333333333,0.4166666666666667,0.3703703703703704,5,12,15,0
0,frozen,30,1162.5470000000005,5580000,0.35714285714285715,0.4166666666666667,0.3846153846153846,5,12,14,0
0,frozen,31,1201.969000000001,5766000,0.38461538461538464,0.4166666666666667,0.4,5,12,13,0
0,frozen,32,1234.344000000001,5952000,0.4166666666666667,0.4166666666666667,0.4166666666666667,5,12,12,0
0,frozen,33,1267.3600000000006,6138000,0.4166666666666667,0.4166666666666667,0.4166666666666667,5,12,12,0
0,frozen,34,1300.2350000000006,6324000,0.4166666666666667,0.4166666666666667,0.4166666666666667,5,12,12,0
0,frozen,35,1352.9220000000005,6510000,0.4166666666666667,0.4166666666666667,0.4166666666666667,5,12,12,0
0,frozen,36,1404.2350000000006,6696000,0.45454545454545453,0.4166666666666667,0.43478260869565216,5,12,11,0
0,frozen,37,1440.5310000000009,6882000,0.45454545454545453,0.4166666666666667,0.43478260869565216,5,12,11,0
0,frozen,38,1473.188,7068000,0.4166666666666667,0.4166666666666667,0.4166666666666667,5,12,12,0
0,frozen,39,1505.4530000000013,7254000,0.4166666666666667,0.4166666666666667,0.4166666666666667,5,12,12,0
0,frozen,40,1538.0780000000013,7440000,0.45454545454545453,0.4166666666666667,0.43478260869565216,5,12,11,0
0,frozen,41,1582.813,7626000,0.35714285714285715,0.4166666666666667,0.3846153846153846,5,12,14,0
0,frozen,42,1622.375,7812000,0.38461538461538464,0.4166666666666667,0.4,5,12,13,0
0,frozen,43,1654.844000000001,7998000,0.35714285714285715,0.4166666666666667,0.3846153846153846,5,12,14,0
0,frozen,44,1688.938,8184000,0.35714285714285715,0.4166666666666667,0.3846153846153846,5,12,14,0
0,frozen,45,1723.7810000000009,8370000,0.38461538461538464,0.4166666666666667,0.4,5,12,13,0
0,frozen,46,1760.6720000000005,8556000,0.4166666666666667,0.4166666666666667,0.4166666666666667,5,12,12,0
0,frozen,47,1808.625,8742000,0.4166666666666667,0.4166666666666667,0.4166666666666667,5,12,12,0
0,frozen,48,1840.75,8928000,0.38461538461538464,0.4166666666666667,0.4,5,12,13,0
0,frozen,49,1873.4060000000009,9114000,0.4166666666666667,0.4166666666666667,0.4166666666666667,5,12,12,0
0,frozen,50,1906.3280000000013,9300000,0.38461538461538464,0.4166666666666667,0.4,5,12,13,0
0,frozen,51,1943.4530000000013,9486000,0.4166666666666667,0.4166666666666667,0.4166666666666667,5,12,12,0
0,frozen,52,1977.1410000000014,9672000,0.35714285714285715,0.4166666666666667,0.3846153846153846,5,12,14,0
0,frozen,53,2013.125,9858000,0.35714285714285715,0.4166666666666667,0.3846153846153846,5,12,14,0
0,frozen,54,2052.4220000000005,10044000,0.4166666666666667,0.4166666666666667,0.4166666666666667,5,12,12,0
0,frozen,55,2089.2030000000013,10230000,0.4166666666666667,0.4166666666666667,0.4166666666666667,5,12,12,0
0,frozen,56,2125.0,10416000,0.4166666666666667,0.4166666666666667,0.4166666666666667,5,12,12,0
0,frozen,57,2158.5160000000014,10602000,0.4166666666666667,0.4166666666666667,0.4166666666666667,5,12,12,0
0,frozen,58,2193.875,10788000,0.38461538461538464,0.4166666666666667,0.4,5,12,13,0
0,frozen,59,2237.938,10974000,0.5,0.4166666666666667,0.45454545454545453,5,12,10,0
0,frozen,60,2297.2970000000005,11160000,0.5,0.4166666666666667,0.45454545454545453,5,12,10,0
0,frozen,61,2347.875,11346000,0.4166666666666667,0.4166666666666667,0.4166666666666667,5,12,12,0
0,frozen,62,2398.5780000000013,11532000,0.5,0.4166666666666667,0.45454545454545453,5,12,10,0
0,frozen,63,2438.688,11718000,0.3333333333333333,0.4166666666666667,0.3703703703703704,5,12,15,0
0,frozen,64,2484.2350000000006,11904000,0.38461538461538464,0.4166666666666667,0.4,5,12,13,0
0,frozen,65,2535.625,12090000,0.4166666666666667,0.4166666666666667,0.4166666666666667,5,12,12,0
0,frozen,66,2585.5470000000005,12276000,0.38461538461538464,0.4166666666666667,0.4,5,12,13,0
0,frozen,67,2619.813,12462000,0.4166666666666667,0.4166666666666667,0.4166666666666667,5,12,12,0
0,frozen,68,2664.8910000000014,12648000,0.4166666666666667,0.4166666666666667,0.4166666666666667,5,12,12,0
0,frozen,69,2717.6100000000006,12834000,0.38461538461538464,0.4166666666666667,0.4,5,12,13,0
0,frozen,70,2769.2350000000006,13020000,0.4166666666666667,0.4166666666666667,0.4166666666666667,5,12,12,0
0,rewired,0,4.235000000000582,0,0.0,0.0,0,0,12,26,0
0,rewired,1,21.610000000000582,186000,0.09090909090909091,0.16666666666666666,0.11764705882352942,2,12,22,0
0,rewired,2,63.76600000000144,372000,0.13333333333333333,0.16666666666666666,0.14814814814814814,2,12,15,0
0,rewired,3,113.54700000000048,558000,0.11764705882352941,0.16666666666666666,0.13793103448275862,2,12,17,0
0,rewired,4,146.78100000000086,744000,0.11764705882352941,0.16666666666666666,0.13793103448275862,2,12,17,0
0,rewired,5,179.26600000000144,930000,0.10526315789473684,0.16666666666666666,0.12903225806451615,2,12,19,0
0,rewired,6,229.42200000000048,1116000,0.125,0.16666666666666666,0.14285714285714288,2,12,16,0
0,rewired,7,282.5630000000001,1302000,0.1875,0.25,0.21428571428571427,3,12,16,0
0,rewired,8,317.375,1488000,0.16666666666666666,0.25,0.2,3,12,18,0
0,rewired,9,353.64100000000144,1674000,0.2,0.25,0.22222222222222224,3,12,15,0
0,rewired,10,407.65600000000086,1860000,0.17647058823529413,0.25,0.20689655172413793,3,12,17,0
0,rewired,11,455.375,2046000,0.1875,0.25,0.21428571428571427,3,12,16,0
0,rewired,12,487.96900000000096,2232000,0.2,0.25,0.22222222222222224,3,12,15,0
0,rewired,13,520.6410000000014,2418000,0.17647058823529413,0.25,0.20689655172413793,3,12,17,0
0,rewired,14,553.6410000000014,2604000,0.2,0.25,0.22222222222222224,3,12,15,0
0,rewired,15,586.9530000000013,2790000,0.1875,0.25,0.21428571428571427,3,12,16,0
0,rewired,16,620.2970000000005,2976000,0.21428571428571427,0.25,0.23076923076923075,3,12,14,0
0,rewired,17,654.0310000000009,3162000,0.2,0.25,0.22222222222222224,3,12,15,0
0,rewired,18,687.5470000000005,3348000,0.1875,0.25,0.21428571428571427,3,12,16,0
0,rewired,19,721.4220000000005,3534000,0.1875,0.25,0.21428571428571427,3,12,16,0
0,rewired,20,754.2810000000009,3720000,0.2,0.25,0.22222222222222224,3,12,15,0
0,rewired,21,787.4850000000006,3906000,0.1875,0.25,0.21428571428571427,3,12,16,0
0,rewired,22,825.5470000000005,4092000,0.21428571428571427,0.25,0.23076923076923075,3,12,14,0
0,rewired,23,877.094000000001,4278000,0.21428571428571427,0.25,0.23076923076923075,3,12,14,0
0,rewired,24,923.594000000001,4464000,0.1875,0.25,0.21428571428571427,3,12,16,0
0,rewired,25,958.6880000000001,4650000,0.16666666666666666,0.25,0.2,3,12,18,0
0,rewired,26,994.3910000000014,4836000,0.1875,0.25,0.21428571428571427,3,12,16,0
0,rewired,27,1040.9850000000006,5022000,0.1875,0.25,0.21428571428571427,3,12,16,0
0,rewired,28,1086.8910000000014,5208000,0.21428571428571427,0.25,0.23076923076923075,3,12,14,0
0,rewired,29,1127.0470000000005,5394000,0.2,0.25,0.22222222222222224,3,12,15,0
0,rewired,30,1166.9220000000005,5580000,0.17647058823529413,0.25,0.20689655172413793,3,12,17,0
0,rewired,31,1205.6410000000014,5766000,0.1875,0.25,0.21428571428571427,3,12,16,0
0,rewired,32,1237.969000000001,5952000,0.17647058823529413,0.25,0.20689655172413793,3,12,17,0
0,rewired,33,1271.0310000000009,6138000,0.16666666666666666,0.25,0.2,3,12,18,0
0,rewired,34,1304.094000000001,6324000,0.1875,0.25,0.21428571428571427,3,12,16,0
0,rewired,35,1358.5470000000005,6510000,0.17647058823529413,0.25,0.20689655172413793,3,12,17,0
0,rewired,36,1410.0160000000014,6696000,0.23076923076923078,0.25,0.24000000000000002,3,12,13,0
0,rewired,37,1444.1100000000006,6882000,0.2,0.25,0.22222222222222224,3,12,15,0
0,rewired,38,1476.8280000000013,7068000,0.2,0.25,0.22222222222222224,3,12,15,0
0,rewired,39,1508.969000000001,7254000,0.21428571428571427,0.25,0.23076923076923075,3,12,14,0
0,rewired,40,1541.719000000001,7440000,0.2,0.25,0.22222222222222224,3,12,15,0
0,rewired,41,1588.4220000000005,7626000,0.2,0.25,0.22222222222222224,3,12,15,0
0,rewired,42,1625.9060000000009,7812000,0.2,0.25,0.22222222222222224,3,12,15,0
0,rewired,43,1659.813,7998000,0.2,0.25,0.22222222222222224,3,12,15,0
0,rewired,44,1692.5310000000009,8184000,0.21428571428571427,0.25,0.23076923076923075,3,12,14,0
0,rewired,45,1727.813,8370000,0.23076923076923078,0.25,0.24000000000000002,3,12,13,0
0,rewired,46,1766.7030000000013,8556000,0.17647058823529413,0.25,0.20689655172413793,3,12,17,0
0,rewired,47,1812.5160000000014,8742000,0.21428571428571427,0.25,0.23076923076923075,3,12,14,0
0,rewired,48,1844.25,8928000,0.1875,0.25,0.21428571428571427,3,12,16,0
0,rewired,49,1877.0780000000013,9114000,0.17647058823529413,0.25,0.20689655172413793,3,12,17,0
0,rewired,50,1910.1410000000014,9300000,0.1875,0.25,0.21428571428571427,3,12,16,0
0,rewired,51,1947.188,9486000,0.2,0.25,0.22222222222222224,3,12,15,0
0,rewired,52,1980.844000000001,9672000,0.2,0.25,0.22222222222222224,3,12,15,0
0,rewired,53,2016.875,9858000,0.21428571428571427,0.25,0.23076923076923075,3,12,14,0
0,rewired,54,2056.5470000000005,10044000,0.17647058823529413,0.25,0.20689655172413793,3,12,17,0
0,rewired,55,2092.8600000000006,10230000,0.17647058823529413,0.25,0.20689655172413793,3,12,17,0
0,rewired,56,2128.813,10416000,0.2,0.25,0.22222222222222224,3,12,15,0
0,rewired,57,2162.1720000000005,10602000,0.2,0.25,0.22222222222222224,3,12,15,0
0,rewired,58,2197.625,10788000,0.1875,0.25,0.21428571428571427,3,12,16,0
0,rewired,59,2245.1720000000005,10974000,0.17647058823529413,0.25,0.20689655172413793,3,12,17,0
0,rewired,60,2303.031000000001,11160000,0.1875,0.25,0.21428571428571427,3,12,16,0
0,rewired,61,2353.531000000001,11346000,0.2,0.25,0.22222222222222224,3,12,15,0
0,rewired,62,2404.438,11532000,0.2,0.25,0.22222222222222224,3,12,15,0
0,rewired,63,2442.313,11718000,0.2,0.25,0.22222222222222224,3,12,15,0
0,rewired,64,2489.875,11904000,0.2,0.25,0.22222222222222224,3,12,15,0
0,rewired,65,2541.2970000000005,12090000,0.1875,0.25,0.21428571428571427,3,12,16,0
0,rewired,66,2589.1100000000006,12276000,0.2,0.25,0.22222222222222224,3,12,15,0
0,rewired,67,2623.5470000000005,12462000,0.21428571428571427,0.25,0.23076923076923075,3,12,14,0
0,rewired,68,2671.094000000001,12648000,0.21428571428571427,0.25,0.23076923076923075,3,12,14,0
0,rewired,69,2723.2030000000013,12834000,0.2,0.25,0.22222222222222224,3,12,15,0
1,adaptive,0,5.016000000001441,0,0.0,0.0,0,0,12,18,0
1,adaptive,1,25.53100000000086,186000,0.037037037037037035,0.08333333333333333,0.05128205128205128,1,12,27,0
1,adaptive,2,67.6880000000001,372000,0.0,0.0,0,0,12,19,0
1,adaptive,3,118.04700000000048,558000,0.043478260869565216,0.08333333333333333,0.057142857142857134,1,12,23,0
1,adaptive,4,150.28100000000086,744000,0.11764705882352941,0.16666666666666666,0.13793103448275862,2,12,17,0
1,adaptive,5,183.0630000000001,930000,0.1111111111111111,0.16666666666666666,0.13333333333333333,2,12,18,0
1,adaptive,6,235.46900000000096,1116000,0.11764705882352941,0.16666666666666666,0.13793103448275862,2,12,17,0
1,adaptive,7,288.4380000000001,1302000,0.1111111111111111,0.16666666666666666,0.13333333333333333,2,12,18,0
1,adaptive,8,321.01600000000144,1488000,0.1111111111111111,0.16666666666666666,0.13333333333333333,2,12,18,0
1,adaptive,9,359.6720000000005,1674000,0.10526315789473684,0.16666666666666666,0.12903225806451615,2,12,19,0
1,adaptive,10,413.64100000000144,1860000,0.11764705882352941,0.16666666666666666,0.13793103448275862,2,12,17,0
1,adaptive,11,458.9850000000006,2046000,0.11764705882352941,0.16666666666666666,0.13793103448275862,2,12,17,0
1,adaptive,12,491.59400000000096,2232000,0.11764705882352941,0.16666666666666666,0.13793103448275862,2,12,17,0
1,adaptive,13,524.2810000000009,2418000,0.125,0.16666666666666666,0.14285714285714288,2,12,16,0
1,adaptive,14,557.4530000000013,2604000,0.125,0.16666666666666666,0.14285714285714288,2,12,16,0
1,adaptive,15,590.6560000000009,2790000,0.125,0.16666666666666666,0.14285714285714288,2,12,16,0
1,adaptive,16,624.0470000000005,2976000,0.23529411764705882,0.3333333333333333,0.27586206896551724,4,12,17,0
1,adaptive,17,657.5780000000013,3162000,0.1111111111111111,0.16666666666666666,0.13333333333333333,2,12,18,0
1,adaptive,18,691.6720000000005,3348000,0.2222222222222222,0.3333333333333333,0.26666666666666666,4,12,18,0
1,adaptive,19,725.125,3534000,0.23529411764705882,0.3333333333333333,0.27586206896551724,4,12,17,0
1,adaptive,20,758.0,3720000,0.2222222222222222,0.3333333333333333,0.26666666666666666,4,12,18,0
1,adaptive,21,791.125,3906000,0.23529411764705882,0.3333333333333333,0.27586206896551724,4,12,17,0
1,adaptive,22,831.2350000000006,4092000,0.25,0.3333333333333333,0.28571428571428575,4,12,16,0
1,adaptive,23,882.6880000000001,4278000,0.25,0.3333333333333333,0.28571428571428575,4,12,16,0
1,adaptive,24,927.4060000000009,4464000,0.2222222222222222,0.3333333333333333,0.26666666666666666,4,12,18,0
1,adaptive,25,962.625,4650000,0.21052631578947367,0.3333333333333333,0.2580645161290323,4,12,19,0
1,adaptive,26,998.5470000000005,4836000,0.25,0.3333333333333333,0.28571428571428575,4,12,16,0
1,adaptive,27,1046.25,5022000,0.2222222222222222,0.3333333333333333,0.26666666666666666,4,12,18,0
1,adaptive,28,1090.719000000001,5208000,0.2222222222222222,0.3333333333333333,0.26666666666666666,4,12,18,0
1,adaptive,29,1132.8280000000013,5394000,0.26666666666666666,0.3333333333333333,0.2962962962962963,4,12,15,0
1,adaptive,30,1171.188,5580000,0.2,0.25,0.22222222222222224,3,12,15,0
1,adaptive,31,1209.219000000001,5766000,0.26666666666666666,0.3333333333333333,0.2962962962962963,4,12,15,0
1,adaptive,32,1241.594000000001,5952000,0.2222222222222222,0.3333333333333333,0.26666666666666666,4,12,18,0
1,adaptive,33,1274.75,6138000,0.2,0.3333333333333333,0.25,4,12,20,0
1,adaptive,34,1308.7030000000013,6324000,0.2222222222222222,0.3333333333333333,0.26666666666666666,4,12,18,0
1,adaptive,35,1364.4060000000009,6510000,0.25,0.3333333333333333,0.28571428571428575,4,12,16,0
1,adaptive,36,1414.813,6696000,0.13333333333333333,0.16666666666666666,0.14814814814814814,2,12,15,0
1,adaptive,37,1447.7350000000006,6882000,0.23529411764705882,0.3333333333333333,0.27586206896551724,4,12,17,0
1,adaptive,38,1480.4530000000013,7068000,0.23529411764705882,0.3333333333333333,0.27586206896551724,4,12,17,0
1,adaptive,39,1512.5780000000013,7254000,0.23529411764705882,0.3333333333333333,0.27586206896551724,4,12,17,0
1,adaptive,40,1545.4530000000013,7440000,0.23529411764705882,0.3333333333333333,0.27586206896551724,4,12,17,0
1,adaptive,41,1594.1560000000009,7626000,0.23529411764705882,0.3333333333333333,0.27586206896551724,4,12,17,0
1,adaptive,42,1629.469000000001,7812000,0.2857142857142857,0.3333333333333333,0.30769230769230765,4,12,14,0
1,adaptive,43,1663.438,7998000,0.2857142857142857,0.3333333333333333,0.30769230769230765,4,12,14,0
1,adaptive,44,1696.4850000000006,8184000,0.25,0.3333333333333333,0.28571428571428575,4,12,16,0
1,adaptive,45,1731.75,8370000,0.26666666666666666,0.3333333333333333,0.2962962962962963,4,12,15,0
1,adaptive,46,1772.8600000000006,8556000,0.25,0.3333333333333333,0.28571428571428575,4,12,16,0
1,adaptive,47,1816.125,8742000,0.23529411764705882,0.3333333333333333,0.27586206896551724,4,12,17,0
1,adaptive,48,1847.7970000000005,8928000,0.23529411764705882,0.3333333333333333,0.27586206896551724,4,12,17,0
1,adaptive,49,1880.7350000000006,9114000,0.23529411764705882,0.3333333333333333,0.27586206896551724,4,12,17,0
1,adaptive,50,1913.688,9300000,0.23529411764705882,0.3333333333333333,0.27586206896551724,4,12,17,0
1,adaptive,51,1950.9220000000005,9486000,0.2222222222222222,0.3333333333333333,0.26666666666666666,4,12,18,0
1,adaptive,52,1984.813,9672000,0.1875,0.25,0.21428571428571427,3,12,16,0
1,adaptive,53,2021.5160000000014,9858000,0.2222222222222222,0.3333333333333333,0.26666666666666666,4,12,18,0
1,adaptive,54,2060.4220000000005,10044000,0.23529411764705882,0.3333333333333333,0.27586206896551724,4,12,17,0
1,adaptive,55,2097.5,10230000,0.2857142857142857,0.3333333333333333,0.30769230769230765,4,12,14,0
1,adaptive,56,2132.5160000000014,10416000,0.26666666666666666,0.3333333333333333,0.2962962962962963,4,12,15,0
1,adaptive,57,2166.2970000000005,10602000,0.2857142857142857,0.3333333333333333,0.30769230769230765,4,12,14,0
1,adaptive,58,2201.25,10788000,0.26666666666666666,0.3333333333333333,0.2962962962962963,4,12,15,0
1,adaptive,59,2252.938,10974000,0.2857142857142857,0.3333333333333333,0.30769230769230765,4,12,14,0
1,adaptive,60,2309.0,11160000,0.26666666666666666,0.3333333333333333,0.2962962962962963,4,12,15,0
1,adaptive,61,2359.2030000000013,11346000,0.2857142857142857,0.3333333333333333,0.30769230769230765,4,12,14,0
1,adaptive,62,2410.375,11532000,0.2857142857142857,0.3333333333333333,0.30769230769230765,4,12,14,0
1,adaptive,63,2446.219000000001,11718000,0.2857142857142857,0.3333333333333333,0.30769230769230765,4,12,14,0
1,adaptive,64,2495.625,11904000,0.26666666666666666,0.3333333333333333,0.2962962962962963,4,12,15,0
1,adaptive,65,2547.188,12090000,0.26666666666666666,0.3333333333333333,0.2962962962962963,4,12,15,0
1,adaptive,66,2592.594000000001,12276000,0.25,0.3333333333333333,0.28571428571428575,4,12,16,0
1,adaptive,67,2627.406000000001,12462000,0.2857142857142857,0.3333333333333333,0.30769230769230765,4,12,14,0
1,adaptive,68,2677.0470000000005,12648000,0.26666666666666666,0.3333333333333333,0.2962962962962963,4,12,15,0
1,adaptive,69,2728.875,12834000,0.26666666666666666,0.3333333333333333,0.2962962962962963,4,12,15,0
1,frozen,0,5.860000000000582,0,0.0,0.0,0,0,12,18,0
1,frozen,1,30.15600000000086,186000,0.041666666666666664,0.08333333333333333,0.05555555555555555,1,12,24,0
1,frozen,2,72.92200000000048,372000,0.03333333333333333,0.08333333333333333,0.04761904761904761,1,12,30,0
1,frozen,3,121.75,558000,0.034482758620689655,0.08333333333333333,0.04878048780487805,1,12,29,0
1,frozen,4,153.96900000000096,744000,0.07142857142857142,0.16666666666666666,0.1,2,12,28,0
1,frozen,5,187.09400000000096,930000,0.08,0.16666666666666666,0.10810810810810811,2,12,25,0
1,frozen,6,241.65600000000086,1116000,0.10526315789473684,0.16666666666666666,0.12903225806451615,2,12,19,0
1,frozen,7,292.21900000000096,1302000,0.10526315789473684,0.16666666666666666,0.12903225806451615,2,12,19,0
1,frozen,8,324.76600000000144,1488000,0.13636363636363635,0.25,0.1764705882352941,3,12,22,0
1,frozen,9,365.875,1674000,0.13636363636363635,0.25,0.1764705882352941,3,12,22,0
1,frozen,10,419.6720000000005,1860000,0.15,0.25,0.18749999999999997,3,12,20,0
1,frozen,11,462.71900000000096,2046000,0.15,0.25,0.18749999999999997,3,12,20,0
1,frozen,12,495.39100000000144,2232000,0.13636363636363635,0.25,0.1764705882352941,3,12,22,0
1,frozen,13,527.969000000001,2418000,0.15,0.25,0.18749999999999997,3,12,20,0
1,frozen,14,561.25,2604000,0.14285714285714285,0.25,0.18181818181818182,3,12,21,0
1,frozen,15,594.4380000000001,2790000,0.14285714285714285,0.25,0.18181818181818182,3,12,21,0
1,frozen,16,628.0,2976000,0.14285714285714285,0.25,0.18181818181818182,3,12,21,0
1,frozen,17,661.25,3162000,0.14285714285714285,0.25,0.18181818181818182,3,12,21,0
1,frozen,18,695.7970000000005,3348000,0.15,0.25,0.18749999999999997,3,12,20,0
1,frozen,19,729.0,3534000,0.14285714285714285,0.25,0.18181818181818182,3,12,21,0
1,frozen,20,761.875,3720000,0.13043478260869565,0.25,0.1714285714285714,3,12,23,0
1,frozen,21,794.8910000000014,3906000,0.15,0.25,0.18749999999999997,3,12,20,0
1,frozen,22,837.0310000000009,4092000,0.14285714285714285,0.25,0.18181818181818182,3,12,21,0
1,frozen,23,888.4850000000006,4278000,0.14285714285714285,0.25,0.18181818181818182,3,12,21,0
1,frozen,24,931.344000000001,4464000,0.16666666666666666,0.25,0.2,3,12,18,0
1,frozen,25,966.7660000000014,4650000,0.16666666666666666,0.25,0.2,3,12,18,0
1,frozen,26,1002.9380000000001,4836000,0.16666666666666666,0.25,0.2,3,12,18,0
1,frozen,27,1052.3280000000013,5022000,0.17647058823529413,0.25,0.20689655172413793,3,12,17,0
1,frozen,28,1094.5160000000014,5208000,0.2,0.25,0.22222222222222224,3,12,15,0
1,frozen,29,1137.844000000001,5394000,0.1875,0.25,0.21428571428571427,3,12,16,0
1,frozen,30,1175.4530000000013,5580000,0.15789473684210525,0.25,0.1935483870967742,3,12,19,0
1,frozen,31,1212.844000000001,5766000,0.125,0.16666666666666666,0.14285714285714288,2,12,16,0
1,frozen,32,1245.3280000000013,5952000,0.13333333333333333,0.16666666666666666,0.14814814814814814,2,12,15,0
1,frozen,33,1278.3910000000014,6138000,0.17647058823529413,0.25,0.20689655172413793,3,12,17,0
1,frozen,34,1314.7810000000009,6324000,0.2,0.25,0.22222222222222224,3,12,15,0
1,frozen,35,1370.1410000000014,6510000,0.1875,0.25,0.21428571428571427,3,12,16,0
1,frozen,36,1418.7030000000013,6696000,0.16666666666666666,0.25,0.2,3,12,18,0
1,frozen,37,1451.469000000001,6882000,0.16666666666666666,0.25,0.2,3,12,18,0
1,frozen,38,1484.125,7068000,0.21428571428571427,0.25,0.23076923076923075,3,12,14,0
1,frozen,39,1516.4060000000009,7254000,0.2,0.25,0.22222222222222224,3,12,15,0
1,frozen,40,1550.4220000000005,7440000,0.17647058823529413,0.25,0.20689655172413793,3,12,17,0
1,frozen,41,1599.1410000000014,7626000,0.16666666666666666,0.25,0.2,3,12,18,0
1,frozen,42,1633.1100000000006,7812000,0.1875,0.25,0.21428571428571427,3,12,16,0
1,frozen,43,1667.219000000001,7998000,0.1875,0.25,0.21428571428571427,3,12,16,0
1,frozen,44,1700.3910000000014,8184000,0.17647058823529413,0.25,0.20689655172413793,3,12,17,0
1,frozen,45,1736.1560000000009,8370000,0.17647058823529413,0.25,0.20689655172413793,3,12,17,0
1,frozen,46,1779.125,8556000,0.17647058823529413,0.25,0.20689655172413793,3,12,17,0
1,frozen,47,1819.7810000000009,8742000,0.1875,0.25,0.21428571428571427,3,12,16,0
1,frozen,48,1851.563,8928000,0.17647058823529413,0.25,0.20689655172413793,3,12,17,0
1,frozen,49,1884.438,9114000,0.1875,0.25,0.21428571428571427,3,12,16,0
1,frozen,50,1917.4060000000009,9300000,0.1875,0.25,0.21428571428571427,3,12,16,0
1,frozen,51,1954.9060000000009,9486000,0.2,0.25,0.22222222222222224,3,12,15,0
1,frozen,52,1988.8910000000014,9672000,0.2,0.25,0.22222222222222224,3,12,15,0
1,frozen,53,2026.219000000001,9858000,0.17647058823529413,0.25,0.20689655172413793,3,12,17,0
1,frozen,54,2064.781000000001,10044000,0.17647058823529413,0.25,0.20689655172413793,3,12,17,0
1,frozen,55,2101.531000000001,10230000,0.2,0.25,0.22222222222222224,3,12,15,0
1,frozen,56,2136.2970000000005,10416000,0.1875,0.25,0.21428571428571427,3,12,16,0
1,frozen,57,2170.0160000000014,10602000,0.17647058823529413,0.25,0.20689655172413793,3,12,17,0
1,frozen,58,2205.031000000001,10788000,0.1875,0.25,0.21428571428571427,3,12,16,0
1,frozen,59,2259.5,10974000,0.1875,0.25,0.21428571428571427,3,12,16,0
1,frozen,60,2314.688,11160000,0.1875,0.25,0.21428571428571427,3,12,16,0
1,frozen,61,2365.125,11346000,0.17647058823529413,0.25,0.20689655172413793,3,12,17,0
1,frozen,62,2415.5,11532000,0.1875,0.25,0.21428571428571427,3,12,16,0
1,frozen,63,2450.5780000000013,11718000,0.16666666666666666,0.25,0.2,3,12,18,0
1,frozen,64,2501.594000000001,11904000,0.1875,0.25,0.21428571428571427,3,12,16,0
1,frozen,65,2553.156000000001,12090000,0.1875,0.25,0.21428571428571427,3,12,16,0
1,frozen,66,2596.7030000000013,12276000,0.16666666666666666,0.25,0.2,3,12,18,0
1,frozen,67,2631.4850000000006,12462000,0.2,0.25,0.22222222222222224,3,12,15,0
1,frozen,68,2683.1100000000006,12648000,0.1875,0.25,0.21428571428571427,3,12,16,0
1,frozen,69,2734.813,12834000,0.15789473684210525,0.25,0.1935483870967742,3,12,19,0
1,rewired,0,7.125,0,0.0,0.0,0,0,12,24,0
1,rewired,1,35.34400000000096,186000,0.05555555555555555,0.08333333333333333,0.06666666666666667,1,12,18,0
1,rewired,2,78.59400000000096,372000,0.043478260869565216,0.08333333333333333,0.057142857142857134,1,12,23,0
1,rewired,3,125.65600000000086,558000,0.045454545454545456,0.08333333333333333,0.05882352941176471,1,12,22,0
1,rewired,4,157.57800000000134,744000,0.09523809523809523,0.16666666666666666,0.12121212121212123,2,12,21,0
1,rewired,5,192.76600000000144,930000,0.1111111111111111,0.16666666666666666,0.13333333333333333,2,12,18,0
1,rewired,6,247.84400000000096,1116000,0.1111111111111111,0.16666666666666666,0.13333333333333333,2,12,18,0
1,rewired,7,295.84400000000096,1302000,0.14285714285714285,0.16666666666666666,0.15384615384615383,2,12,14,0
1,rewired,8,328.40600000000086,1488000,0.11764705882352941,0.16666666666666666,0.13793103448275862,2,12,17,0
1,rewired,9,372.03100000000086,1674000,0.125,0.16666666666666666,0.14285714285714288,2,12,16,0
1,rewired,10,425.3130000000001,1860000,0.23529411764705882,0.3333333333333333,0.27586206896551724,4,12,17,0
1,rewired,11,466.39100000000144,2046000,0.26666666666666666,0.3333333333333333,0.2962962962962963,4,12,15,0
1,rewired,12,498.9850000000006,2232000,0.25,0.3333333333333333,0.28571428571428575,4,12,16,0
1,rewired,13,531.6880000000001,2418000,0.23529411764705882,0.3333333333333333,0.27586206896551724,4,12,17,0
1,rewired,14,565.1100000000006,2604000,0.21052631578947367,0.3333333333333333,0.2580645161290323,4,12,19,0
1,rewired,15,598.125,2790000,0.25,0.3333333333333333,0.28571428571428575,4,12,16,0
1,rewired,16,631.7810000000009,2976000,0.25,0.3333333333333333,0.28571428571428575,4,12,16,0
1,rewired,17,664.8280000000013,3162000,0.23529411764705882,0.3333333333333333,0.27586206896551724,4,12,17,0
1,rewired,18,699.4220000000005,3348000,0.25,0.3333333333333333,0.28571428571428575,4,12,16,0
1,rewired,19,732.6410000000014,3534000,0.25,0.3333333333333333,0.28571428571428575,4,12,16,0
1,rewired,20,765.6560000000009,3720000,0.2222222222222222,0.3333333333333333,0.26666666666666666,4,12,18,0
1,rewired,21,798.5160000000014,3906000,0.2857142857142857,0.3333333333333333,0.30769230769230765,4,12,14,0
1,rewired,22,842.6560000000009,4092000,0.3125,0.4166666666666667,0.35714285714285715,5,12,16,0
1,rewired,23,894.0780000000013,4278000,0.26666666666666666,0.3333333333333333,0.2962962962962963,4,12,15,0
1,rewired,24,935.2030000000013,4464000,0.29411764705882354,0.4166666666666667,0.3448275862068966,5,12,17,0
1,rewired,25,970.7660000000014,4650000,0.29411764705882354,0.4166666666666667,0.3448275862068966,5,12,17,0
1,rewired,26,1007.875,4836000,0.3125,0.4166666666666667,0.35714285714285715,5,12,16,0
1,rewired,27,1057.938,5022000,0.35714285714285715,0.4166666666666667,0.3846153846153846,5,12,14,0
1,rewired,28,1098.6720000000005,5208000,0.29411764705882354,0.4166666666666667,0.3448275862068966,5,12,17,0
1,rewired,29,1141.75,5394000,0.35714285714285715,0.4166666666666667,0.3846153846153846,5,12,14,0
1,rewired,30,1179.844000000001,5580000,0.3333333333333333,0.4166666666666667,0.3703703703703704,5,12,15,0
1,rewired,31,1216.4060000000009,5766000,0.3333333333333333,0.4166666666666667,0.3703703703703704,5,12,15,0
1,rewired,32,1248.875,5952000,0.3125,0.4166666666666667,0.35714285714285715,5,12,16,0
1,rewired,33,1281.9220000000005,6138000,0.3333333333333333,0.4166666666666667,0.3703703703703704,5,12,15,0
1,rewired,34,1320.688,6324000,0.35714285714285715,0.4166666666666667,0.3846153846153846,5,12,14,0
1,rewired,35,1375.9220000000005,6510000,0.35714285714285715,0.4166666666666667,0.3846153846153846,5,12,14,0
1,rewired,36,1422.3600000000006,6696000,0.3125,0.4166666666666667,0.35714285714285715,5,12,16,0
1,rewired,37,1455.094000000001,6882000,0.3333333333333333,0.4166666666666667,0.3703703703703704,5,12,15,0
1,rewired,38,1487.7970000000005,7068000,0.3333333333333333,0.4166666666666667,0.3703703703703704,5,12,15,0
1,rewired,39,1519.938,7254000,0.3333333333333333,0.4166666666666667,0.3703703703703704,5,12,15,0
1,rewired,40,1556.2660000000014,7440000,0.35714285714285715,0.4166666666666667,0.3846153846153846,5,12,14,0
1,rewired,41,1603.6720000000005,7626000,0.35714285714285715,0.4166666666666667,0.3846153846153846,5,12,14,0
1,rewired,42,1636.688,7812000,0.3125,0.4166666666666667,0.35714285714285715,5,12,16,0
1,rewired,43,1670.75,7998000,0.38461538461538464,0.4166666666666667,0.4,5,12,13,0
1,rewired,44,1704.2030000000013,8184000,0.35714285714285715,0.4166666666666667,0.3846153846153846,5,12,14,0
1,rewired,45,1740.2810000000009,8370000,0.35714285714285715,0.4166666666666667,0.3846153846153846,5,12,14,0
1,rewired,46,1784.875,8556000,0.35714285714285715,0.4166666666666667,0.3846153846153846,5,12,14,0
1,rewired,47,1823.313,8742000,0.35714285714285715,0.4166666666666667,0.3846153846153846,5,12,14,0
1,rewired,48,1855.125,8928000,0.35714285714285715,0.4166666666666667,0.3846153846153846,5,12,14,0
1,rewired,49,1888.0470000000005,9114000,0.38461538461538464,0.4166666666666667,0.4,5,12,13,0
1,rewired,50,1921.0160000000014,9300000,0.3333333333333333,0.4166666666666667,0.3703703703703704,5,12,15,0
1,rewired,51,1958.6410000000014,9486000,0.25,0.25,0.25,3,12,12,0
1,rewired,52,1992.7660000000014,9672000,0.29411764705882354,0.4166666666666667,0.3448275862068966,5,12,17,0
1,rewired,53,2030.2030000000013,9858000,0.3333333333333333,0.4166666666666667,0.3703703703703704,5,12,15,0
1,rewired,54,2069.031000000001,10044000,0.35714285714285715,0.4166666666666667,0.3846153846153846,5,12,14,0
1,rewired,55,2105.4530000000013,10230000,0.35714285714285715,0.4166666666666667,0.3846153846153846,5,12,14,0
1,rewired,56,2140.125,10416000,0.35714285714285715,0.4166666666666667,0.3846153846153846,5,12,14,0
1,rewired,57,2173.7660000000014,10602000,0.35714285714285715,0.4166666666666667,0.3846153846153846,5,12,14,0
1,rewired,58,2208.7660000000014,10788000,0.3125,0.4166666666666667,0.35714285714285715,5,12,16,0
1,rewired,59,2265.6720000000005,10974000,0.3333333333333333,0.4166666666666667,0.3703703703703704,5,12,15,0
1,rewired,60,2320.281000000001,11160000,0.3333333333333333,0.4166666666666667,0.3703703703703704,5,12,15,0
1,rewired,61,2370.781000000001,11346000,0.3333333333333333,0.4166666666666667,0.3703703703703704,5,12,15,0
1,rewired,62,2419.3600000000006,11532000,0.3333333333333333,0.4166666666666667,0.3703703703703704,5,12,15,0
1,rewired,63,2456.313,11718000,0.3333333333333333,0.4166666666666667,0.3703703703703704,5,12,15,0
1,rewired,64,2507.3600000000006,11904000,0.3333333333333333,0.4166666666666667,0.3703703703703704,5,12,15,0
1,rewired,65,2559.063,12090000,0.3125,0.4166666666666667,0.35714285714285715,5,12,16,0
1,rewired,66,2600.3600000000006,12276000,0.3333333333333333,0.4166666666666667,0.3703703703703704,5,12,15,0
1,rewired,67,2635.4530000000013,12462000,0.3125,0.4166666666666667,0.35714285714285715,5,12,16,0
1,rewired,68,2689.3280000000013,12648000,0.3333333333333333,0.4166666666666667,0.3703703703703704,5,12,15,0
1,rewired,69,2740.5,12834000,0.3333333333333333,0.4166666666666667,0.3703703703703704,5,12,15,0
2,adaptive,0,7.891000000001441,0,0.0,0.0,0,0,12,13,0
2,adaptive,1,39.9380000000001,186000,0.0,0.0,0,0,12,15,0
2,adaptive,2,84.3130000000001,372000,0.0,0.0,0,0,12,21,0
2,adaptive,3,129.21900000000096,558000,0.11764705882352941,0.16666666666666666,0.13793103448275862,2,12,17,0
2,adaptive,4,161.17200000000048,744000,0.14285714285714285,0.16666666666666666,0.15384615384615383,2,12,14,0
2,adaptive,5,199.07800000000134,930000,0.1111111111111111,0.16666666666666666,0.13333333333333333,2,12,18,0
2,adaptive,6,253.875,1116000,0.15789473684210525,0.25,0.1935483870967742,3,12,19,0
2,adaptive,7,299.51600000000144,1302000,0.16666666666666666,0.25,0.2,3,12,18,0
2,adaptive,8,332.0630000000001,1488000,0.17647058823529413,0.25,0.20689655172413793,3,12,17,0
2,adaptive,9,378.125,1674000,0.16666666666666666,0.25,0.2,3,12,18,0
2,adaptive,10,431.20300000000134,1860000,0.17647058823529413,0.25,0.20689655172413793,3,12,17,0
2,adaptive,11,470.1100000000006,2046000,0.17647058823529413,0.25,0.20689655172413793,3,12,17,0
2,adaptive,12,502.51600000000144,2232000,0.125,0.16666666666666666,0.14285714285714288,2,12,16,0
2,adaptive,13,535.3600000000006,2418000,0.16666666666666666,0.25,0.2,3,12,18,0
2,adaptive,14,568.9530000000013,2604000,0.16666666666666666,0.25,0.2,3,12,18,0
2,adaptive,15,601.9850000000006,2790000,0.16666666666666666,0.25,0.2,3,12,18,0
2,adaptive,16,635.4530000000013,2976000,0.17647058823529413,0.25,0.20689655172413793,3,12,17,0
2,adaptive,17,668.5470000000005,3162000,0.2,0.25,0.22222222222222224,3,12,15,0
2,adaptive,18,703.1880000000001,3348000,0.17647058823529413,0.25,0.20689655172413793,3,12,17,0
2,adaptive,19,736.3130000000001,3534000,0.2,0.25,0.22222222222222224,3,12,15,0
2,adaptive,20,769.4380000000001,3720000,0.16666666666666666,0.25,0.2,3,12,18,0
2,adaptive,21,802.0780000000013,3906000,0.29411764705882354,0.4166666666666667,0.3448275862068966,5,12,17,0
2,adaptive,22,848.4530000000013,4092000,0.29411764705882354,0.4166666666666667,0.3448275862068966,5,12,17,0
2,adaptive,23,899.8130000000001,4278000,0.29411764705882354,0.4166666666666667,0.3448275862068966,5,12,17,0
2,adaptive,24,939.2660000000014,4464000,0.2777777777777778,0.4166666666666667,0.33333333333333337,5,12,18,0
2,adaptive,25,974.9220000000005,4650000,0.3333333333333333,0.5,0.4,6,12,18,0
2,adaptive,26,1012.3130000000001,4836000,0.29411764705882354,0.4166666666666667,0.3448275862068966,5,12,17,0
2,adaptive,27,1063.5310000000009,5022000,0.3333333333333333,0.5,0.4,6,12,18,0
2,adaptive,28,1102.25,5208000,0.2631578947368421,0.4166666666666667,0.3225806451612903,5,12,19,0
2,adaptive,29,1145.7030000000013,5394000,0.29411764705882354,0.4166666666666667,0.3448275862068966,5,12,17,0
2,adaptive,30,1184.344000000001,5580000,0.29411764705882354,0.4166666666666667,0.3448275862068966,5,12,17,0
2,adaptive,31,1220.0310000000009,5766000,0.3,0.5,0.37499999999999994,6,12,20,0
2,adaptive,32,1252.438,5952000,0.2857142857142857,0.5,0.36363636363636365,6,12,21,0
2,adaptive,33,1285.594000000001,6138000,0.2631578947368421,0.4166666666666667,0.3225806451612903,5,12,19,0
2,adaptive,34,1327.9850000000006,6324000,0.3157894736842105,0.5,0.3870967741935484,6,12,19,0
2,adaptive,35,1381.7660000000014,6510000,0.35294117647058826,0.5,0.41379310344827586,6,12,17,0
2,adaptive,36,1425.969000000001,6696000,0.3333333333333333,0.5,0.4,6,12,18,0
2,adaptive,37,1458.875,6882000,0.3333333333333333,0.5,0.4,6,12,18,0
2,adaptive,38,1491.4060000000009,7068000,0.3333333333333333,0.5,0.4,6,12,18,0
2,adaptive,39,1523.5470000000005,7254000,0.35294117647058826,0.5,0.41379310344827586,6,12,17,0
2,adaptive,40,1562.5,7440000,0.35294117647058826,0.5,0.41379310344827586,6,12,17,0
2,adaptive,41,1607.5470000000005,7626000,0.3333333333333333,0.5,0.4,6,12,18,0
2,adaptive,42,1640.313,7812000,0.3333333333333333,0.5,0.4,6,12,18,0
2,adaptive,43,1674.313,7998000,0.3333333333333333,0.5,0.4,6,12,18,0
2,adaptive,44,1708.3910000000014,8184000,0.35294117647058826,0.5,0.41379310344827586,6,12,17,0
2,adaptive,45,1743.8910000000014,8370000,0.35294117647058826,0.5,0.41379310344827586,6,12,17,0
2,adaptive,46,1790.5310000000009,8556000,0.35294117647058826,0.5,0.41379310344827586,6,12,17,0
2,adaptive,47,1826.9220000000005,8742000,0.35294117647058826,0.5,0.41379310344827586,6,12,17,0
2,adaptive,48,1858.8280000000013,8928000,0.35294117647058826,0.5,0.41379310344827586,6,12,17,0
2,adaptive,49,1891.719000000001,9114000,0.35294117647058826,0.5,0.41379310344827586,6,12,17,0
2,adaptive,50,1924.688,9300000,0.35294117647058826,0.5,0.41379310344827586,6,12,17,0
2,adaptive,51,1962.688,9486000,0.35294117647058826,0.5,0.41379310344827586,6,12,17,0
2,adaptive,52,1996.7350000000006,9672000,0.35294117647058826,0.5,0.41379310344827586,6,12,17,0
2,adaptive,53,2034.938,9858000,0.35294117647058826,0.5,0.41379310344827586,6,12,17,0
2,adaptive,54,2072.9530000000013,10044000,0.3157894736842105,0.5,0.3870967741935484,6,12,19,0
2,adaptive,55,2109.219000000001,10230000,0.3333333333333333,0.5,0.4,6,12,18,0
2,adaptive,56,2143.8280000000013,10416000,0.3157894736842105,0.5,0.3870967741935484,6,12,19,0
2,adaptive,57,2177.4530000000013,10602000,0.3125,0.4166666666666667,0.35714285714285715,5,12,16,0
2,adaptive,58,2212.844000000001,10788000,0.2777777777777778,0.4166666666666667,0.33333333333333337,5,12,18,0
2,adaptive,59,2271.844000000001,10974000,0.35294117647058826,0.5,0.41379310344827586,6,12,17,0
2,adaptive,60,2325.8910000000014,11160000,0.375,0.5,0.42857142857142855,6,12,16,0
2,adaptive,61,2376.4530000000013,11346000,0.375,0.5,0.42857142857142855,6,12,16,0
2,adaptive,62,2423.6720000000005,11532000,0.375,0.5,0.42857142857142855,6,12,16,0
2,adaptive,63,2461.9530000000013,11718000,0.35294117647058826,0.5,0.41379310344827586,6,12,17,0
2,adaptive,64,2512.8280000000013,11904000,0.3333333333333333,0.5,0.4,6,12,18,0
2,adaptive,65,2564.9530000000013,12090000,0.3333333333333333,0.5,0.4,6,12,18,0
2,adaptive,66,2604.125,12276000,0.375,0.5,0.42857142857142855,6,12,16,0
2,adaptive,67,2640.875,12462000,0.4,0.5,0.4444444444444445,6,12,15,0
2,adaptive,68,2695.1100000000006,12648000,0.4,0.5,0.4444444444444445,6,12,15,0
2,adaptive,69,2746.2350000000006,12834000,0.2777777777777778,0.4166666666666667,0.33333333333333337,5,12,18,0
2,frozen,0,8.688000000000102,0,0.0,0.0,0,0,12,13,0
2,frozen,1,44.40600000000086,186000,0.041666666666666664,0.08333333333333333,0.05555555555555555,1,12,24,0
2,frozen,2,89.78100000000086,372000,0.058823529411764705,0.08333333333333333,0.06896551724137931,1,12,17,0
2,frozen,3,132.67200000000048,558000,0.09523809523809523,0.16666666666666666,0.12121212121212123,2,12,21,0
2,frozen,4,164.8130000000001,744000,0.0625,0.08333333333333333,0.07142857142857144,1,12,16,0
2,frozen,5,205.32800000000134,930000,0.05555555555555555,0.08333333333333333,0.06666666666666667,1,12,18,0
2,frozen,6,259.875,1116000,0.07692307692307693,0.08333333333333333,0.08,1,12,13,0
2,frozen,7,302.9850000000006,1302000,0.16666666666666666,0.16666666666666666,0.16666666666666666,2,12,12,0
2,frozen,8,335.5630000000001,1488000,0.16666666666666666,0.16666666666666666,0.16666666666666666,2,12,12,0
2,frozen,9,384.03100000000086,1674000,0.13333333333333333,0.16666666666666666,0.14814814814814814,2,12,15,0
2,frozen,10,436.9850000000006,1860000,0.15384615384615385,0.16666666666666666,0.16,2,12,13,0
2,frozen,11,473.6720000000005,2046000,0.1111111111111111,0.16666666666666666,0.13333333333333333,2,12,18,0
2,frozen,12,506.01600000000144,2232000,0.13333333333333333,0.16666666666666666,0.14814814814814814,2,12,15,0
2,frozen,13,538.8600000000006,2418000,0.0625,0.08333333333333333,0.07142857142857144,1,12,16,0
2,frozen,14,572.5630000000001,2604000,0.16666666666666666,0.16666666666666666,0.16666666666666666,2,12,12,0
2,frozen,15,605.5310000000009,2790000,0.16666666666666666,0.16666666666666666,0.16666666666666666,2,12,12,0
2,frozen,16,639.0310000000009,2976000,0.16666666666666666,0.16666666666666666,0.16666666666666666,2,12,12,0
2,frozen,17,672.2660000000014,3162000,0.16666666666666666,0.16666666666666666,0.16666666666666666,2,12,12,0
2,frozen,18,706.9530000000013,3348000,0.15384615384615385,0.16666666666666666,0.16,2,12,13,0
2,frozen,19,739.8280000000013,3534000,0.18181818181818182,0.16666666666666666,0.17391304347826086,2,12,11,0
2,frozen,20,773.0470000000005,3720000,0.18181818181818182,0.16666666666666666,0.17391304347826086,2,12,11,0
2,frozen,21,805.7810000000009,3906000,0.14285714285714285,0.16666666666666666,0.15384615384615383,2,12,14,0
2,frozen,22,854.5160000000014,4092000,0.15384615384615385,0.16666666666666666,0.16,2,12,13,0
2,frozen,23,905.469000000001,4278000,0.15384615384615385,0.16666666666666666,0.16,2,12,13,0
2,frozen,24,942.9850000000006,4464000,0.16666666666666666,0.16666666666666666,0.16666666666666666,2,12,12,0
2,frozen,25,979.094000000001,4650000,0.2,0.16666666666666666,0.1818181818181818,2,12,10,0
2,frozen,26,1017.9530000000013,4836000,0.18181818181818182,0.16666666666666666,0.17391304347826086,2,12,11,0
2,frozen,27,1069.25,5022000,0.15384615384615385,0.16666666666666666,0.16,2,12,13,0
2,frozen,28,1105.813,5208000,0.16666666666666666,0.16666666666666666,0.16666666666666666,2,12,12,0
2,frozen,29,1149.813,5394000,0.18181818181818182,0.16666666666666666,0.17391304347826086,2,12,11,0
2,frozen,30,1188.688,5580000,0.16666666666666666,0.16666666666666666,0.16666666666666666,2,12,12,0
2,frozen,31,1223.5310000000009,5766000,0.18181818181818182,0.16666666666666666,0.17391304347826086,2,12,11,0
2,frozen,32,1256.0310000000009,5952000,0.15384615384615385,0.16666666666666666,0.16,2,12,13,0
2,frozen,33,1289.094000000001,6138000,0.15384615384615385,0.16666666666666666,0.16,2,12,13,0
2,frozen,34,1335.594000000001,6324000,0.25,0.3333333333333333,0.28571428571428575,4,12,16,0
2,frozen,35,1387.4530000000013,6510000,0.23529411764705882,0.3333333333333333,0.27586206896551724,4,12,17,0
2,frozen,36,1429.6720000000005,6696000,0.125,0.16666666666666666,0.14285714285714288,2,12,16,0
2,frozen,37,1462.594000000001,6882000,0.125,0.16666666666666666,0.14285714285714288,2,12,16,0
2,frozen,38,1494.9060000000009,7068000,0.2222222222222222,0.3333333333333333,0.26666666666666666,4,12,18,0
2,frozen,39,1527.3600000000006,7254000,0.125,0.16666666666666666,0.14285714285714288,2,12,16,0
2,frozen,40,1567.313,7440000,0.25,0.3333333333333333,0.28571428571428575,4,12,16,0
2,frozen,41,1611.844000000001,7626000,0.23529411764705882,0.3333333333333333,0.27586206896551724,4,12,17,0
2,frozen,42,1643.844000000001,7812000,0.23529411764705882,0.3333333333333333,0.27586206896551724,4,12,17,0
2,frozen,43,1677.8910000000014,7998000,0.2222222222222222,0.3333333333333333,0.26666666666666666,4,12,18,0
2,frozen,44,1712.3600000000006,8184000,0.25,0.3333333333333333,0.28571428571428575,4,12,16,0
2,frozen,45,1747.5310000000009,8370000,0.25,0.3333333333333333,0.28571428571428575,4,12,16,0
2,frozen,46,1795.8910000000014,8556000,0.2222222222222222,0.3333333333333333,0.26666666666666666,4,12,18,0
2,frozen,47,1830.438,8742000,0.14285714285714285,0.16666666666666666,0.15384615384615383,2,12,14,0
2,frozen,48,1862.344000000001,8928000,0.25,0.3333333333333333,0.28571428571428575,4,12,16,0
2,frozen,49,1895.4220000000005,9114000,0.25,0.3333333333333333,0.28571428571428575,4,12,16,0
2,frozen,50,1932.625,9300000,0.25,0.3333333333333333,0.28571428571428575,4,12,16,0
2,frozen,51,1966.188,9486000,0.23529411764705882,0.3333333333333333,0.27586206896551724,4,12,17,0
2,frozen,52,2000.313,9672000,0.13333333333333333,0.16666666666666666,0.14814814814814814,2,12,15,0
2,frozen,53,2039.9060000000009,9858000,0.11764705882352941,0.16666666666666666,0.13793103448275862,2,12,17,0
2,frozen,54,2076.875,10044000,0.125,0.16666666666666666,0.14285714285714288,2,12,16,0
2,frozen,55,2113.344000000001,10230000,0.1111111111111111,0.16666666666666666,0.13333333333333333,2,12,18,0
2,frozen,56,2147.5,10416000,0.09523809523809523,0.16666666666666666,0.12121212121212123,2,12,21,0
2,frozen,57,2181.9220000000005,10602000,0.11764705882352941,0.16666666666666666,0.13793103448275862,2,12,17,0
2,frozen,58,2217.313,10788000,0.11764705882352941,0.16666666666666666,0.13793103448275862,2,12,17,0
2,frozen,59,2277.8280000000013,10974000,0.11764705882352941,0.16666666666666666,0.13793103448275862,2,12,17,0
2,frozen,60,2331.469000000001,11160000,0.13333333333333333,0.16666666666666666,0.14814814814814814,2,12,15,0
2,frozen,61,2381.9530000000013,11346000,0.125,0.16666666666666666,0.14285714285714288,2,12,16,0
2,frozen,62,2427.5160000000014,11532000,0.13333333333333333,0.16666666666666666,0.14814814814814814,2,12,15,0
2,frozen,63,2467.9220000000005,11718000,0.2222222222222222,0.3333333333333333,0.26666666666666666,4,12,18,0
2,frozen,64,2518.6100000000006,11904000,0.25,0.3333333333333333,0.28571428571428575,4,12,16,0
2,frozen,65,2570.6720000000005,12090000,0.25,0.3333333333333333,0.28571428571428575,4,12,16,0
2,frozen,66,2608.1410000000014,12276000,0.26666666666666666,0.3333333333333333,0.2962962962962963,4,12,15,0
2,frozen,67,2646.7030000000013,12462000,0.25,0.3333333333333333,0.28571428571428575,4,12,16,0
2,frozen,68,2700.875,12648000,0.26666666666666666,0.3333333333333333,0.2962962962962963,4,12,15,0
2,frozen,69,2752.063,12834000,0.2222222222222222,0.3333333333333333,0.26666666666666666,4,12,18,0
2,rewired,0,10.063000000000102,0,0.0,0.0,0,0,12,24,0
2,rewired,1,49.32800000000134,186000,0.0,0.0,0,0,12,18,0
2,rewired,2,95.78100000000086,372000,0.058823529411764705,0.08333333333333333,0.06896551724137931,1,12,17,0
2,rewired,3,136.36000000000058,558000,0.0,0.0,0,0,12,15,0
2,rewired,4,168.46900000000096,744000,0.125,0.16666666666666666,0.14285714285714288,2,12,16,0
2,rewired,5,211.875,930000,0.16666666666666666,0.25,0.2,3,12,18,0
2,rewired,6,265.75,1116000,0.25,0.25,0.25,3,12,12,0
2,rewired,7,306.45300000000134,1302000,0.25,0.25,0.25,3,12,12,0
2,rewired,8,339.15600000000086,1488000,0.25,0.25,0.25,3,12,12,0
2,rewired,9,390.1100000000006,1674000,0.25,0.25,0.25,3,12,12,0
2,rewired,10,442.76600000000144,1860000,0.25,0.25,0.25,3,12,12,0
2,rewired,11,477.34400000000096,2046000,0.23076923076923078,0.25,0.24000000000000002,3,12,13,0
2,rewired,12,509.64100000000144,2232000,0.23076923076923078,0.25,0.24000000000000002,3,12,13,0
2,rewired,13,542.594000000001,2418000,0.23076923076923078,0.25,0.24000000000000002,3,12,13,0
2,rewired,14,576.25,2604000,0.21428571428571427,0.25,0.23076923076923075,3,12,14,0
2,rewired,15,609.2030000000013,2790000,0.23076923076923078,0.25,0.24000000000000002,3,12,13,0
2,rewired,16,642.6880000000001,2976000,0.23076923076923078,0.25,0.24000000000000002,3,12,13,0
2,rewired,17,676.1560000000009,3162000,0.2857142857142857,0.3333333333333333,0.30769230769230765,4,12,14,0
2,rewired,18,710.6100000000006,3348000,0.3076923076923077,0.3333333333333333,0.32,4,12,13,0
2,rewired,19,743.469000000001,3534000,0.2857142857142857,0.3333333333333333,0.30769230769230765,4,12,14,0
2,rewired,20,776.8910000000014,3720000,0.23076923076923078,0.25,0.24000000000000002,3,12,13,0
2,rewired,21,809.5,3906000,0.23076923076923078,0.25,0.24000000000000002,3,12,13,0
2,rewired,22,860.5780000000013,4092000,0.21428571428571427,0.25,0.23076923076923075,3,12,14,0
2,rewired,23,911.219000000001,4278000,0.25,0.25,0.25,3,12,12,0
2,rewired,24,946.7660000000014,4464000,0.21428571428571427,0.25,0.23076923076923075,3,12,14,0
2,rewired,25,983.0470000000005,4650000,0.25,0.25,0.25,3,12,12,0
2,rewired,26,1024.4060000000009,4836000,0.23076923076923078,0.25,0.24000000000000002,3,12,13,0
2,rewired,27,1075.688,5022000,0.25,0.25,0.25,3,12,12,0
2,rewired,28,1110.5160000000014,5208000,0.25,0.25,0.25,3,12,12,0
2,rewired,29,1153.625,5394000,0.3076923076923077,0.3333333333333333,0.32,4,12,13,0
2,rewired,30,1193.8280000000013,5580000,0.2857142857142857,0.3333333333333333,0.30769230769230765,4,12,14,0
2,rewired,31,1227.094000000001,5766000,0.2857142857142857,0.3333333333333333,0.30769230769230765,4,12,14,0
2,rewired,32,1259.5780000000013,5952000,0.3333333333333333,0.3333333333333333,0.3333333333333333,4,12,12,0
2,rewired,33,1292.719000000001,6138000,0.3076923076923077,0.3333333333333333,0.32,4,12,13,0
2,rewired,34,1341.1410000000014,6324000,0.3076923076923077,0.3333333333333333,0.32,4,12,13,0
2,rewired,35,1393.125,6510000,0.3333333333333333,0.3333333333333333,0.3333333333333333,4,12,12,0
2,rewired,36,1433.3910000000014,6696000,0.3076923076923077,0.3333333333333333,0.32,4,12,13,0
2,rewired,37,1466.2030000000013,6882000,0.3333333333333333,0.3333333333333333,0.3333333333333333,4,12,12,0
2,rewired,38,1498.4220000000005,7068000,0.3333333333333333,0.3333333333333333,0.3333333333333333,4,12,12,0
2,rewired,39,1530.969000000001,7254000,0.3333333333333333,0.3333333333333333,0.3333333333333333,4,12,12,0
2,rewired,40,1571.7810000000009,7440000,0.3333333333333333,0.3333333333333333,0.3333333333333333,4,12,12,0
2,rewired,41,1615.313,7626000,0.36363636363636365,0.3333333333333333,0.34782608695652173,4,12,11,0
2,rewired,42,1647.2810000000009,7812000,0.3333333333333333,0.3333333333333333,0.3333333333333333,4,12,12,0
2,rewired,43,1681.3280000000013,7998000,0.3333333333333333,0.3333333333333333,0.3333333333333333,4,12,12,0
2,rewired,44,1716.2030000000013,8184000,0.3333333333333333,0.3333333333333333,0.3333333333333333,4,12,12,0
2,rewired,45,1751.4530000000013,8370000,0.3333333333333333,0.3333333333333333,0.3333333333333333,4,12,12,0
2,rewired,46,1800.5470000000005,8556000,0.3333333333333333,0.3333333333333333,0.3333333333333333,4,12,12,0
2,rewired,47,1833.9220000000005,8742000,0.36363636363636365,0.3333333333333333,0.34782608695652173,4,12,11,0
2,rewired,48,1866.0160000000014,8928000,0.36363636363636365,0.3333333333333333,0.34782608695652173,4,12,11,0
2,rewired,49,1899.0470000000005,9114000,0.3076923076923077,0.3333333333333333,0.32,4,12,13,0
2,rewired,50,1936.3600000000006,9300000,0.3076923076923077,0.3333333333333333,0.32,4,12,13,0
2,rewired,51,1969.8910000000014,9486000,0.36363636363636365,0.3333333333333333,0.34782608695652173,4,12,11,0
2,rewired,52,2004.1410000000014,9672000,0.36363636363636365,0.3333333333333333,0.34782608695652173,4,12,11,0
2,rewired,53,2044.125,9858000,0.3333333333333333,0.3333333333333333,0.3333333333333333,4,12,12,0
2,rewired,54,2080.719000000001,10044000,0.3333333333333333,0.3333333333333333,0.3333333333333333,4,12,12,0
2,rewired,55,2117.469000000001,10230000,0.3333333333333333,0.3333333333333333,0.3333333333333333,4,12,12,0
2,rewired,56,2151.313,10416000,0.25,0.25,0.25,3,12,12,0
2,rewired,57,2185.906000000001,10602000,0.3076923076923077,0.3333333333333333,0.32,4,12,13,0
2,rewired,58,2221.2350000000006,10788000,0.3333333333333333,0.3333333333333333,0.3333333333333333,4,12,12,0
2,rewired,59,2283.844000000001,10974000,0.4444444444444444,0.3333333333333333,0.380952380952381,4,12,9,0
2,rewired,60,2337.0470000000005,11160000,0.36363636363636365,0.3333333333333333,0.34782608695652173,4,12,11,0
2,rewired,61,2387.344000000001,11346000,0.3333333333333333,0.3333333333333333,0.3333333333333333,4,12,12,0
2,rewired,62,2431.25,11532000,0.36363636363636365,0.3333333333333333,0.34782608695652173,4,12,11,0
2,rewired,63,2473.406000000001,11718000,0.4,0.3333333333333333,0.3636363636363636,4,12,10,0
2,rewired,64,2524.2350000000006,11904000,0.4,0.3333333333333333,0.3636363636363636,4,12,10,0
2,rewired,65,2576.4530000000013,12090000,0.4,0.3333333333333333,0.3636363636363636,4,12,10,0
2,rewired,66,2611.9530000000013,12276000,0.4,0.3333333333333333,0.3636363636363636,4,12,10,0
2,rewired,67,2652.4220000000005,12462000,0.4,0.3333333333333333,0.3636363636363636,4,12,10,0
2,rewired,68,2706.469000000001,12648000,0.4,0.3333333333333333,0.3636363636363636,4,12,10,0
2,rewired,69,2757.844000000001,12834000,0.4,0.3333333333333333,0.3636363636363636,4,12,10,0
