bodyId,cell_type,kind,region,mean_rate,max_rate,rate_sd,fraction_frames_active,geometry_displayed
10072,IN17A001,CPG,T2,4.0882954597473145,10.384947776794434,3.0113375186920166,0.8174305033809166,True
10093,DNg100,DN,neck connective,27.613750457763672,27.67278480529785,0.03123624622821808,1.0,False
10339,DNg100,DN,neck connective,26.893360137939453,26.9688720703125,0.030076060444116592,1.0,False
10347,Ti extensor MN,MN,T3,0.0,0.0,0.0,0.0,True
10461,Ti extensor MN,MN,T2,1.8731756210327148,5.232741355895996,1.630408763885498,0.5537190082644629,True
10462,Ti extensor MN,MN,T3,1.1798737049102783,1.9407776594161987,0.28396937251091003,0.6513899323816679,True
10498,IN17A001,CPG,T3,6.105931758880615,8.261149406433105,1.5991538763046265,1.0,True
10558,IN17A001,CPG,T3,6.786050796508789,8.052033424377441,0.45669615268707275,1.0,True
10559,IN17A001,CPG,T2,4.030431747436523,7.93836784362793,2.406548023223877,0.903831705484598,True
10690,IN17A001,CPG,T1,6.559040546417236,11.231972694396973,2.968148708343506,1.0,True
10707,IN17A001,CPG,T1,6.752115249633789,9.428522109985352,1.3921988010406494,1.0,True
10710,Ti flexor MN,MN,T2,0.0,0.0,0.0,0.0,True
10737,Ti extensor MN,MN,T2,0.0,0.0,0.0,0.0,True
10811,ltm1-tibia MN,MN,T3,0.0,0.0,0.0,0.0,True
10866,Tr extensor MN,MN,T3,0.0,0.0,0.0,0.0,True
10968,MNhl68,MN,T3,0.0,0.0,0.0,0.0,True
11022,Sternal anterior rotator MN,MN,T3,0.0,0.0,0.0,0.0,True
11115,Ti extensor MN,MN,T2,0.0,0.0,0.0,0.0,True
11226,Fe reductor MN,MN,T1,0.0,0.0,0.0,0.0,True
11274,MNhl02,MN,T3,0.0,0.0,0.0,0.0,True
11400,Sternal posterior rotator MN,MN,T3,0.0,0.0,0.0,0.0,True
11480,MNhl67,MN,T3,0.34501415491104126,0.41178783774375916,0.02950216270983219,0.0,True
11489,Ti extensor MN,MN,T2,2.267854928970337,2.8958420753479004,0.319629430770874,1.0,True
11529,Sternal posterior rotator MN,MN,T2,0.0,0.0,0.0,0.0,True
11562,Sternal anterior rotator MN,MN,T3,0.0,0.0,0.0,0.0,True
11657,Ti extensor MN,MN,T1,0.0,0.0,0.0,0.0,True
11706,Ti extensor MN,MN,T1,0.8847492933273315,2.5814895629882812,0.8094601631164551,0.3884297520661157,True
11751,INXXX466,CPG,T1,10.567907333374023,15.228546142578125,2.962127685546875,1.0,True
11767,INXXX466,CPG,T2,4.970160961151123,12.772970199584961,4.131441116333008,0.7956423741547709,True
11786,ltm MN,MN,T1,0.02840949222445488,0.2833101749420166,0.03875846415758133,0.0,True
11809,MNhl59,MN,T3,0.0,0.0,0.0,0.0,True
11813,MNhl02,MN,T3,0.0,0.0,0.0,0.0,True
12096,Pleural remotor/abductor MN,MN,T1,0.0,0.0,0.0,0.0,True
12107,INXXX466,CPG,T2,6.3328351974487305,21.050994873046875,6.374161243438721,0.7407963936889557,True
12113,Fe reductor MN,MN,T3,0.0,0.0,0.0,0.0,True
12134,Ti flexor MN,MN,T1,0.0,0.0,0.0,0.0,True
12196,MNml29,MN,T2,0.0,0.0,0.0,0.0,True
12315,INXXX466,CPG,T3,9.327109336853027,14.30443000793457,3.4975979328155518,1.0,True
12396,Tergopleural/Pleural promotor MN,MN,T1,0.0,0.0,0.0,0.0,True
12474,Acc. ti flexor MN,MN,T3,0.0,0.0,0.0,0.0,True
12504,MNhl67,MN,T3,1.7694618701934814,1.8598566055297852,0.03277956694364548,1.0,True
12585,Ti flexor MN,MN,T3,0.0,0.0,0.0,0.0,True
12628,Tergopleural/Pleural promotor MN,MN,T1,1.791565179824829,4.129179954528809,1.2808057069778442,0.608564988730278,True
12686,Tergopleural/Pleural promotor MN,MN,T1,6.8830485343933105,8.777867317199707,0.980343222618103,1.0,True
12693,ltm MN,MN,T2,0.0,0.0,0.0,0.0,True
12704,Ti extensor MN,MN,T1,0.0,0.0,0.0,0.0,True
12725,Acc. ti flexor MN,MN,T3,2.577826499938965,2.740877628326416,0.06082983687520027,1.0,True
12758,Acc. ti flexor MN,MN,T3,0.0,0.0,0.0,0.0,True
12759,Acc. ti flexor MN,MN,T3,0.0,0.0,0.0,0.0,True
12761,Acc. ti flexor MN,MN,T1,0.0,0.0,0.0,0.0,True
12800,MNhl66,MN,T3,0.0,0.0,0.0,0.0,True
12891,Fe reductor MN,MN,T1,0.0,0.0,0.0,0.0,True
12953,IN16B036,CPG,T3,0.9639862179756165,2.438196897506714,0.8065889477729797,0.40345604808414726,True
13006,Ti extensor MN,MN,T3,0.0,0.0,0.0,0.0,True
13033,ltm MN,MN,T2,0.0,0.0,0.0,0.0,True
13036,MNml81,MN,T2,0.0,0.0,0.0,0.0,True
13069,Sternotrochanter MN,MN,T3,0.0,0.0,0.0,0.0,True
13075,Ti extensor MN,MN,T3,0.0,0.0,0.0,0.0,True
13095,MNhl66,MN,T3,0.0,0.0,0.0,0.0,True
13115,Ti extensor MN,MN,T1,0.0,0.0,0.0,0.0,True
13144,MNhl65,MN,T3,0.0,0.0,0.0,0.0,True
13156,ltm MN,MN,T1,0.0,0.0,0.0,0.0,True
13163,Ti flexor MN,MN,T1,0.0,0.0,0.0,0.0,True
13170,Acc. ti flexor MN,MN,T3,0.0,0.0,0.0,0.0,True
13186,IN16B036,CPG,T2,5.250862121582031,12.840476989746094,4.1853837966918945,0.8302028549962435,True
13192,Ti flexor MN,MN,T3,0.0,0.0,0.0,0.0,True
13241,ltm1-tibia MN,MN,T3,0.23760820925235748,0.7089893221855164,0.15387018024921417,0.0,True
13280,Ti flexor MN,MN,T2,0.0,0.0,0.0,0.0,True
13283,Ti flexor MN,MN,T1,0.0,0.0,0.0,0.0,True
13300,Sternal anterior rotator MN,MN,T1,0.0,0.0,0.0,0.0,True
13311,Ti flexor MN,MN,T3,0.0,0.0,0.0,0.0,True
13397,Acc. ti flexor MN,MN,T1,0.0,0.0,0.0,0.0,True
13399,Ti flexor MN,MN,T1,0.0,0.0,0.0,0.0,True
13434,Tergotr. MN,MN,T3,0.5655269622802734,0.9664967060089111,0.14908255636692047,0.0,True
13464,Tergopleural/Pleural promotor MN,MN,T1,0.0,0.0,0.0,0.0,True
13490,Tergopleural/Pleural promotor MN,MN,T1,0.0,0.0,0.0,0.0,True
13512,MNhl68,MN,T3,0.0,0.0,0.0,0.0,True
13543,MNhl59,MN,T3,0.540722131729126,0.590768575668335,0.019422408193349838,0.0,True
13563,Ti flexor MN,MN,T1,0.0,0.0,0.0,0.0,True
13628,Pleural remotor/abductor MN,MN,T1,0.0,0.0,0.0,0.0,True
13698,INXXX466,CPG,T1,12.489029884338379,23.372467041015625,6.718973636627197,1.0,True
13740,MNhl64,MN,T3,0.0,0.0,0.0,0.0,True
13746,Acc. ti flexor MN,MN,T2,0.0,0.0,0.0,0.0,True
13784,Acc. ti flexor MN,MN,T2,0.0,0.0,0.0,0.0,True
13817,Sternal adductor MN,MN,T2,0.0,0.0,0.0,0.0,True
13819,Acc. ti flexor MN,MN,T1,0.6240399479866028,0.7323296666145325,0.06368900835514069,0.0,True
13883,MNhl88,MN,T3,0.0,0.0,0.0,0.0,True
13904,Tr extensor MN,MN,T2,0.0,0.0,0.0,0.0,True
13905,IN16B036,CPG,T1,1.9972518682479858,4.60568380355835,1.2114536762237549,0.6912096168294516,True
13920,Fe reductor MN,MN,T1,0.0,0.0,0.0,0.0,True
13942,Sternal posterior rotator MN,MN,T1,0.0,0.0,0.0,0.0,True
13952,ltm1-tibia MN,MN,T1,0.0,0.0,0.0,0.0,True
14020,Fe reductor MN,MN,T3,0.0,0.0,0.0,0.0,True
14069,ltm MN,MN,T1,0.0,0.0,0.0,0.0,True
14096,IN16B036,CPG,T1,3.303229331970215,7.837942123413086,2.3383171558380127,0.7693463561232157,True
14168,Pleural remotor/abductor MN,MN,T3,0.0,0.0,0.0,0.0,True
14226,Acc. ti flexor MN,MN,T3,0.0,0.0,0.0,0.0,True
14339,MNhl68,MN,T3,0.0,0.0,0.0,0.0,True
14343,ltm2-femur MN,MN,T3,0.0,0.0,0.0,0.0,True
14346,Pleural remotor/abductor MN,MN,T1,0.22693540155887604,0.4881645441055298,0.1474447399377823,0.0,True
14449,Sternal posterior rotator MN,MN,T3,0.0,0.0,0.0,0.0,True
14468,Ti flexor MN,MN,T3,0.0,0.0,0.0,0.0,True
14536,Tr extensor MN,MN,T1,0.0,0.0,0.0,0.0,True
14596,Pleural remotor/abductor MN,MN,T3,0.0,0.0,0.0,0.0,True
14622,MNhl75,MN,T3,0.0,0.0,0.0,0.0,True
14649,MNhl29,MN,T3,0.0,0.0,0.0,0.0,True
14665,Acc. ti flexor MN,MN,T2,0.0,0.0,0.0,0.0,True
14773,ltm2-femur MN,MN,T3,0.0,0.0,0.0,0.0,True
14775,Acc. ti flexor MN,MN,T2,0.0,0.0,0.0,0.0,True
14783,Acc. tr flexor MN,MN,T1,1.9819519519805908,2.0140738487243652,0.019141219556331635,1.0,True
14798,Ti flexor MN,MN,T1,0.0,0.0,0.0,0.0,True
14824,Acc. ti flexor MN,MN,T1,0.8923132419586182,0.8932195901870728,0.00038691225927323103,0.0,True
14828,MNml81,MN,T2,0.0,0.0,0.0,0.0,True
14848,Ti flexor MN,MN,T1,0.0,0.0,0.0,0.0,True
14849,Acc. ti flexor MN,MN,T2,0.0,0.0,0.0,0.0,True
14949,Fe reductor MN,MN,T1,0.0,0.0,0.0,0.0,True
15006,Tr flexor MN,MN,T2,5.637723922729492,15.71347713470459,4.736835479736328,0.8392186326070623,True
15023,Acc. ti flexor MN,MN,T1,0.0,0.0,0.0,0.0,True
15038,Acc. ti flexor MN,MN,T3,0.0,0.0,0.0,0.0,True
15107,Tergotr. MN,MN,T2,0.0,0.0,0.0,0.0,True
15149,Ti flexor MN,MN,T1,0.0,0.0,0.0,0.0,True
15262,Pleural remotor/abductor MN,MN,T3,2.2830612659454346,2.452683448791504,0.06502094864845276,1.0,True
15278,Sternal posterior rotator MN,MN,T3,0.0,0.0,0.0,0.0,True
15317,ltm2-femur MN,MN,T1,0.0,0.0,0.0,0.0,True
15321,Ti flexor MN,MN,T1,0.0,0.0,0.0,0.0,True
15367,Acc. ti flexor MN,MN,T1,0.00012174036237411201,0.023893902078270912,0.0011123535223305225,0.0,True
15380,ltm MN,MN,T3,0.0,0.0,0.0,0.0,True
15434,Ta depressor MN,MN,T1,0.7201730012893677,0.7949026823043823,0.04491008073091507,0.0,True
15446,Ta levator MN,MN,T1,0.46233484148979187,0.5281806588172913,0.04329206794500351,0.0,True
15550,MNhl63,MN,T3,0.0,0.0,0.0,0.0,True
15616,MNml80,MN,T2,0.0,0.0,0.0,0.0,True
15623,Ti flexor MN,MN,T2,0.0,0.0,0.0,0.0,True
15712,ltm1-tibia MN,MN,T3,0.0,0.0,0.0,0.0,True
15720,ltm1-tibia MN,MN,T1,0.0,0.0,0.0,0.0,True
15735,MNhl01,MN,T3,0.16774903237819672,0.7301058173179626,0.1289282590150833,0.0,True
15791,Acc. ti flexor MN,MN,T1,0.0,0.0,0.0,0.0,True
15818,ltm2-femur MN,MN,T1,0.0,0.0,0.0,0.0,True
15857,MNhl87,MN,T3,0.0,0.0,0.0,0.0,True
15873,ltm1-tibia MN,MN,T2,0.0,0.0,0.0,0.0,True
15879,MNhl74,MN,T3,0.0,0.0,0.0,0.0,True
15883,Sternal posterior rotator MN,MN,T2,0.0,0.0,0.0,0.0,True
15893,ltm MN,MN,T3,0.0,0.0,0.0,0.0,True
16017,MNml85,MN,T2,0.0,0.0,0.0,0.0,True
16035,Sternal posterior rotator MN,MN,T2,0.0,0.0,0.0,0.0,True
16228,Acc. ti flexor MN,MN,T3,0.0,0.0,0.0,0.0,True
16250,Tergopleural/Pleural promotor MN,MN,T1,0.05110679939389229,0.2588832974433899,0.06048472598195076,0.0,True
16295,Sternal anterior rotator MN,MN,T2,0.0,0.0,0.0,0.0,True
16346,Ta levator MN,MN,T1,1.7972760200500488,1.9723049402236938,0.1275152713060379,1.0,True
16356,ltm2-femur MN,MN,T3,0.0,0.0,0.0,0.0,True
16400,Acc. tr flexor MN,MN,T1,3.0507235527038574,3.13417911529541,0.05232257395982742,1.0,True
16419,Pleural remotor/abductor MN,MN,T1,0.0,0.0,0.0,0.0,True
16492,Ta depressor MN,MN,T1,0.0,0.0,0.0,0.0,True
16495,Acc. ti flexor MN,MN,T2,0.0,0.0,0.0,0.0,True
16497,MNml84,MN,T2,4.104137897491455,4.235065937042236,0.07337569445371628,1.0,True
16552,Fe reductor MN,MN,T2,0.0,0.0,0.0,0.0,True
16632,Acc. ti flexor MN,MN,T1,0.0,0.0,0.0,0.0,True
16633,Fe reductor MN,MN,T3,0.0,0.0,0.0,0.0,True
16635,Ti flexor MN,MN,T2,0.0,0.0,0.0,0.0,True
16658,ltm MN,MN,T1,0.0,0.0,0.0,0.0,True
16711,ltm2-femur MN,MN,T1,0.0,0.0,0.0,0.0,True
16897,Ta depressor MN,MN,T1,0.5241356492042542,0.6834889650344849,0.0998818576335907,0.0,True
16903,Acc. tr flexor MN,MN,T3,0.0,0.0,0.0,0.0,True
16963,Tr flexor MN,MN,T1,0.0,0.0,0.0,0.0,True
17018,Acc. ti flexor MN,MN,T3,0.0,0.0,0.0,0.0,True
17036,MNml83,MN,T2,0.0,0.0,0.0,0.0,True
17050,ltm2-femur MN,MN,T1,0.0,0.0,0.0,0.0,True
17070,Acc. ti flexor MN,MN,T2,0.0,0.0,0.0,0.0,True
17091,Pleural remotor/abductor MN,MN,T2,0.0,0.0,0.0,0.0,True
17133,Ti flexor MN,MN,T1,0.0,0.0,0.0,0.0,True
17137,Tr flexor MN,MN,T3,0.0,0.0,0.0,0.0,True
17176,Sternal anterior rotator MN,MN,T1,0.0,0.0,0.0,0.0,True
17226,Tr flexor MN,MN,T1,0.0,0.0,0.0,0.0,True
17322,IN16B036,CPG,T2,9.398651123046875,24.593618392944336,7.6826043128967285,0.9436513899323816,True
17419,ltm2-femur MN,MN,T2,0.0,0.0,0.0,0.0,True
17550,ltm2-femur MN,MN,T2,0.0,0.0,0.0,0.0,True
17693,Acc. tr flexor MN,MN,T3,0.0,0.0,0.0,0.0,True
17697,MNml80,MN,T2,0.0,0.0,0.0,0.0,True
17761,MNhl87,MN,T3,0.0,0.0,0.0,0.0,True
17885,Acc. ti flexor MN,MN,T1,0.0,0.0,0.0,0.0,True
17905,MNhl88,MN,T3,0.0,0.0,0.0,0.0,True
17930,Tr extensor MN,MN,T2,0.0,0.0,0.0,0.0,True
17947,Sternal posterior rotator MN,MN,T3,0.0,0.0,0.0,0.0,True
17964,MNml79,MN,T2,0.0,0.0,0.0,0.0,True
17970,MNhl62,MN,T3,3.9984130859375,4.595599174499512,0.22181083261966705,1.0,True
18006,Sternotrochanter MN,MN,T1,0.0,0.0,0.0,0.0,True
18286,Pleural remotor/abductor MN,MN,T3,0.0,0.0,0.0,0.0,True
18412,Acc. ti flexor MN,MN,T1,0.0,0.0,0.0,0.0,True
18440,Tr flexor MN,MN,T1,4.070371627807617,8.141508102416992,2.3714170455932617,0.9135987978963186,True
18448,Ti flexor MN,MN,T2,0.0,0.0,0.0,0.0,True
18471,Sternal anterior rotator MN,MN,T3,0.0,0.0,0.0,0.0,True
18491,Ti flexor MN,MN,T3,0.0,0.0,0.0,0.0,True
18554,Acc. ti flexor MN,MN,T1,0.0,0.0,0.0,0.0,True
18579,Sternotrochanter MN,MN,T1,0.0,0.0,0.0,0.0,True
18664,Acc. ti flexor MN,MN,T2,0.0,0.0,0.0,0.0,True
18716,Sternotrochanter MN,MN,T2,0.0,0.0,0.0,0.0,True
18963,Acc. ti flexor MN,MN,T1,0.0,0.0,0.0,0.0,True
18983,Fe reductor MN,MN,T1,0.0,0.0,0.0,0.0,True
19048,Acc. ti flexor MN,MN,T1,3.857518434524536,3.8627591133117676,0.0023365181405097246,1.0,True
19074,Acc. ti flexor MN,MN,T3,0.0,0.0,0.0,0.0,True
19092,ltm MN,MN,T1,0.0,0.0,0.0,0.0,True
19094,Sternotrochanter MN,MN,T2,0.0,0.0,0.0,0.0,True
19206,Pleural remotor/abductor MN,MN,T2,4.4908857345581055,7.521965026855469,1.7320806980133057,1.0,True
19260,Acc. ti flexor MN,MN,T3,0.0,0.0,0.0,0.0,True
19319,Tergopleural/Pleural promotor MN,MN,T1,1.875002384185791,4.426939010620117,1.1341071128845215,0.6724267468069121,True
19443,Tergotr. MN,MN,T1,3.1184234619140625,3.120407819747925,0.0013689518673345447,1.0,True
19468,Ta depressor MN,MN,T1,0.0,0.0,0.0,0.0,True
19480,MNhl65,MN,T3,0.0,0.0,0.0,0.0,True
19613,Acc. tr flexor MN,MN,T3,0.0,0.0,0.0,0.0,True
19652,Tergotr. MN,MN,T1,0.0,0.0,0.0,0.0,True
19667,Sternal posterior rotator MN,MN,T1,0.0,0.0,0.0,0.0,True
19704,Tr flexor MN,MN,T2,0.0,0.0,0.0,0.0,True
19744,MNhl61,MN,T3,0.0,0.0,0.0,0.0,True
19751,Ta levator MN,MN,T1,5.281759738922119,5.453628063201904,0.12610816955566406,1.0,True
19758,ltm1-tibia MN,MN,T2,0.0,0.0,0.0,0.0,True
19771,Tr flexor MN,MN,T1,0.0,0.0,0.0,0.0,True
19773,MNml29,MN,T2,0.0,0.0,0.0,0.0,True
19886,Tr flexor MN,MN,T1,2.2328073978424072,4.614107608795166,1.345535159111023,0.7295266716754321,True
19929,Tr extensor MN,MN,T1,0.0,0.0,0.0,0.0,True
19983,Tr flexor MN,MN,T2,3.095736503601074,3.098529815673828,0.0014776751631870866,1.0,True
20119,Sternal anterior rotator MN,MN,T2,0.0,0.0,0.0,0.0,True
20373,Acc. ti flexor MN,MN,T1,3.203756332397461,3.2063307762145996,0.001534653827548027,1.0,True
20386,Tergopleural/Pleural promotor MN,MN,T1,1.583270788192749,1.614545464515686,0.017741061747074127,1.0,True
20551,MNml78,MN,T2,0.0,0.0,0.0,0.0,True
20572,Tr flexor MN,MN,T1,1.0114346742630005,1.2515368461608887,0.14354732632637024,0.5101427498121713,True
20593,Acc. ti flexor MN,MN,T3,0.0,0.0,0.0,0.0,True
20605,Acc. ti flexor MN,MN,T1,1.71278977394104,1.7134822607040405,0.0003192522854078561,1.0,True
20612,ltm1-tibia MN,MN,T1,0.0,0.0,0.0,0.0,True
20615,Sternotrochanter MN,MN,T1,0.0,0.0,0.0,0.0,True
20667,Sternal adductor MN,MN,T3,0.0,0.0,0.0,0.0,True
20673,Tr flexor MN,MN,T1,0.6726952195167542,1.4345721006393433,0.437486857175827,0.3102930127723516,True
21186,Tr flexor MN,MN,T3,0.0,0.0,0.0,0.0,True
21241,Sternal posterior rotator MN,MN,T1,0.43474632501602173,0.440867155790329,0.0036920204292982817,0.0,True
21255,Pleural remotor/abductor MN,MN,T2,0.0,0.0,0.0,0.0,True
21262,Acc. ti flexor MN,MN,T2,0.0,0.0,0.0,0.0,True
21612,Tr flexor MN,MN,T1,0.02771945297718048,0.07238137722015381,0.021853743121027946,0.0,True
21665,Fe reductor MN,MN,T3,0.0,0.0,0.0,0.0,True
21718,Sternal adductor MN,MN,T1,0.0,0.0,0.0,0.0,True
21749,Ta depressor MN,MN,T1,0.0,0.0,0.0,0.0,True
21753,Tergotr. MN,MN,T1,0.0,0.0,0.0,0.0,True
21944,Fe reductor MN,MN,T1,0.0,0.0,0.0,0.0,True
21963,ltm MN,MN,T3,0.0,0.0,0.0,0.0,True
21991,Ti flexor MN,MN,T3,0.0,0.0,0.0,0.0,True
22126,Tergotr. MN,MN,T1,0.0,0.0,0.0,0.0,True
22215,Sternal anterior rotator MN,MN,T1,0.0,0.0,0.0,0.0,True
22358,Ta levator MN,MN,T1,0.0,0.0,0.0,0.0,True
22465,Tr flexor MN,MN,T3,0.36894580721855164,1.1939120292663574,0.24553707242012024,0.0015026296018031556,True
22487,Acc. tr flexor MN,MN,T3,0.0,0.0,0.0,0.0,True
22718,Tr flexor MN,MN,T2,0.0,0.0,0.0,0.0,True
22729,Acc. tr flexor MN,MN,T1,2.2935526371002197,2.6444976329803467,0.2231287956237793,1.0,True
23016,ltm MN,MN,T3,0.0,0.0,0.0,0.0,True
23048,Acc. tr flexor MN,MN,T1,0.0,0.0,0.0,0.0,True
23117,Tr flexor MN,MN,T3,0.0,0.0,0.0,0.0,True
23299,Tr flexor MN,MN,T1,0.0,0.0,0.0,0.0,True
23318,Tergotr. MN,MN,T1,3.4111626148223877,3.7000274658203125,0.17227312922477722,1.0,True
23364,Tr flexor MN,MN,T2,0.0,0.0,0.0,0.0,True
23390,ltm MN,MN,T3,0.49935609102249146,0.7388198971748352,0.09890352189540863,0.0,True
23553,Tergotr. MN,MN,T1,5.133725166320801,5.133771896362305,2.7210418920731172e-05,1.0,True
23698,Acc. ti flexor MN,MN,T1,0.0,0.0,0.0,0.0,True
23974,Acc. tr flexor MN,MN,T3,0.0,0.0,0.0,0.0,True
24050,Fe reductor MN,MN,T1,1.510789155960083,1.6270384788513184,0.076959528028965,1.0,True
24139,ltm MN,MN,T1,0.0,0.0,0.0,0.0,True
24443,Acc. ti flexor MN,MN,T2,0.2382747381925583,0.44091901183128357,0.1208202987909317,0.0,True
24668,Tr flexor MN,MN,T3,0.0,0.0,0.0,0.0,True
24669,Sternal anterior rotator MN,MN,T2,0.0,0.0,0.0,0.0,True
24725,ltm2-femur MN,MN,T2,0.0,0.0,0.0,0.0,True
24747,Sternal posterior rotator MN,MN,T1,0.0,0.0,0.0,0.0,True
24828,Acc. ti flexor MN,MN,T2,0.0,0.0,0.0,0.0,True
25212,Acc. ti flexor MN,MN,T2,0.0,0.0,0.0,0.0,True
25447,ltm MN,MN,T2,0.0,0.0,0.0,0.0,True
25475,Acc. tr flexor MN,MN,T1,0.0,0.0,0.0,0.0,True
25599,MNhl63,MN,T3,0.0,0.0,0.0,0.0,True
25674,Ta depressor MN,MN,T1,0.0,0.0,0.0,0.0,True
25767,Sternal posterior rotator MN,MN,T1,0.0,0.0,0.0,0.0,True
25885,Acc. ti flexor MN,MN,T3,0.0,0.0,0.0,0.0,True
25892,Sternal posterior rotator MN,MN,T1,0.960446298122406,0.9604461789131165,4.2293206092836044e-07,0.0,True
25956,MNml80,MN,T2,0.0,0.0,0.0,0.0,True
26132,Sternotrochanter MN,MN,T2,0.0,0.0,0.0,0.0,True
26370,Acc. tr flexor MN,MN,T2,1.4064393043518066,1.4144092798233032,0.005849406123161316,1.0,True
26566,Sternal anterior rotator MN,MN,T1,0.0,0.0,0.0,0.0,True
26588,Acc. tr flexor MN,MN,T1,0.0,0.0,0.0,0.0,True
26613,Tr flexor MN,MN,T1,0.0,0.0,0.0,0.0,True
26658,Acc. ti flexor MN,MN,T1,15.649737358093262,15.655937194824219,0.0033418829552829266,1.0,True
26777,Acc. ti flexor MN,MN,T1,15.849615097045898,15.852784156799316,0.002088631736114621,1.0,True
26809,ltm MN,MN,T2,4.895075798034668,4.897519588470459,0.0021960341837257147,1.0,True
26883,Tr flexor MN,MN,T3,0.12554030120372772,0.6401442289352417,0.10585512965917587,0.0,True
27028,Tr extensor MN,MN,T1,6.185306072235107,6.2120561599731445,0.01902545988559723,1.0,True
27078,ltm MN,MN,T1,22.51053810119629,22.899234771728516,0.24675503373146057,1.0,True
27205,MNhl60,MN,T3,0.0,0.0,0.0,0.0,True
27258,Sternal posterior rotator MN,MN,T3,0.0,0.0,0.0,0.0,True
27479,MNhl62,MN,T3,0.0,0.0,0.0,0.0,True
27733,ltm MN,MN,T3,0.0,0.0,0.0,0.0,True
27757,MNhl61,MN,T3,0.0,0.0,0.0,0.0,True
28219,Sternal posterior rotator MN,MN,T3,0.0,0.0,0.0,0.0,True
28884,Fe reductor MN,MN,T1,32.04572296142578,32.75053024291992,0.4203483462333679,1.0,True
28997,Tr flexor MN,MN,T3,2.894056558609009,3.7495181560516357,0.31971636414527893,1.0,True
29187,Fe reductor MN,MN,T2,0.0,0.0,0.0,0.0,True
29474,MNhl64,MN,T3,0.0,0.0,0.0,0.0,True
29483,Sternal adductor MN,MN,T3,0.0,0.0,0.0,0.0,True
29484,Fe reductor MN,MN,T1,27.427814483642578,27.717058181762695,0.17246288061141968,1.0,True
29487,Ta depressor MN,MN,T1,0.0,0.0,0.0,0.0,True
29554,Ta depressor MN,MN,T1,0.0,0.0,0.0,0.0,True
29689,Sternal posterior rotator MN,MN,T1,0.0,0.0,0.0,0.0,True
29950,ltm MN,MN,T3,0.0,0.0,0.0,0.0,True
30306,Tr extensor MN,MN,T2,0.0,0.0,0.0,0.0,True
30709,MNml78,MN,T2,0.0,0.0,0.0,0.0,True
30781,MNml78,MN,T2,15.47811222076416,15.478113174438477,1.7908643712871708e-05,1.0,True
32253,MNml79,MN,T2,1.7011733055114746,1.7018052339553833,0.0005371310980990529,1.0,True
34004,Acc. tr flexor MN,MN,T3,0.0,0.0,0.0,0.0,True
34115,Tr flexor MN,MN,T2,0.0,0.0,0.0,0.0,True
35407,MNhl70,MN,T3,0.0,0.0,0.0,0.0,True
35432,Fe reductor MN,MN,T2,18.003887176513672,18.554487228393555,0.3133623003959656,1.0,True
35735,ltm MN,MN,T2,12.50606918334961,13.60165023803711,0.6288965344429016,1.0,True
35950,MNml78,MN,T2,10.884411811828613,10.902671813964844,0.012051558122038841,1.0,True
37220,Ti flexor MN,MN,T3,0.0,0.0,0.0,0.0,True
37741,MNhl72,MN,T3,0.0,0.0,0.0,0.0,True
39941,MNml78,MN,T2,14.353866577148438,14.353870391845703,1.9442677512415685e-05,1.0,True
40443,Tr flexor MN,MN,T3,0.0,0.0,0.0,0.0,True
41353,Tr flexor MN,MN,T1,29.616647720336914,29.618648529052734,0.0009010135545395315,1.0,True
41439,Tr flexor MN,MN,T3,0.0,0.0,0.0,0.0,True
41482,Pleural remotor/abductor MN,MN,T2,0.10727773606777191,0.39617279171943665,0.12068754434585571,0.0,True
41933,Tr flexor MN,MN,T1,2.0864551067352295,2.5004312992095947,0.2533297538757324,1.0,True
42738,Fe reductor MN,MN,T2,14.567849159240723,14.78968334197998,0.15985801815986633,1.0,True
45494,Fe reductor MN,MN,T2,0.0,0.0,0.0,0.0,True
47642,ltm MN,MN,T1,0.0,0.0,0.0,0.0,True
48865,ltm MN,MN,T2,13.755064010620117,15.158235549926758,0.8146671652793884,1.0,True
49886,Sternal posterior rotator MN,MN,T2,0.0,0.0,0.0,0.0,True
61001,ltm1-tibia MN,MN,T3,0.0,0.0,0.0,0.0,True
96565,Tr flexor MN,MN,T3,0.0,0.0,0.0,0.0,True
100515,Sternotrochanter MN,MN,T1,0.0,0.0,0.0,0.0,True
100707,Ti flexor MN,MN,T2,0.0,0.0,0.0,0.0,True
100824,MNhl69,MN,T3,0.0,0.0,0.0,0.0,True
100826,Tr extensor MN,MN,T3,0.0,0.0,0.0,0.0,True
101043,Acc. ti flexor MN,MN,T1,0.0,0.0,0.0,0.0,True
101736,ltm1-tibia MN,MN,T2,0.0,0.0,0.0,0.0,True
101909,MNml82,MN,T2,0.0,0.0,0.0,0.0,True
102019,Acc. tr flexor MN,MN,T2,0.10270813852548599,0.3435182571411133,0.1047564372420311,0.0,True
102123,MNhl29,MN,T3,0.0,0.0,0.0,0.0,True
102786,Sternal posterior rotator MN,MN,T2,0.0,0.0,0.0,0.0,True
103416,MNml77,MN,T2,0.0,0.0,0.0,0.0,True
104697,Sternal posterior rotator MN,MN,T2,0.0,0.0,0.0,0.0,True
152620,Sternotrochanter MN,MN,T3,0.0,0.0,0.0,0.0,True
152621,Sternotrochanter MN,MN,T3,0.0,0.0,0.0,0.0,True
152642,Sternotrochanter MN,MN,T3,0.0,0.0,0.0,0.0,True
152696,INXXX466,CPG,T3,9.391728401184082,11.687662124633789,0.8999339938163757,1.0,True
153142,Tr flexor MN,MN,T1,0.0,0.0,0.0,0.0,True
153315,Tr flexor MN,MN,T2,0.0,0.0,0.0,0.0,True
153335,Ti flexor MN,MN,T2,0.0,0.0,0.0,0.0,True
154133,Sternal posterior rotator MN,MN,T3,0.0,0.0,0.0,0.0,True
154769,Sternal posterior rotator MN,MN,T2,0.0,0.0,0.0,0.0,True
154803,ltm MN,MN,T1,18.91265296936035,19.477258682250977,0.3391801118850708,1.0,True
154804,Ta depressor MN,MN,T1,9.57291030883789,9.7188720703125,0.09279739111661911,1.0,True
155216,Acc. tr flexor MN,MN,T2,0.0,0.0,0.0,0.0,True
155218,Tr flexor MN,MN,T2,0.0,0.0,0.0,0.0,True
155633,Tergotr. MN,MN,T1,0.0,0.0,0.0,0.0,True
155853,Sternal adductor MN,MN,T1,0.0,0.0,0.0,0.0,True
156180,Acc. tr flexor MN,MN,T2,0.0,0.0,0.0,0.0,True
156233,Tr flexor MN,MN,T2,0.0,0.0,0.0,0.0,True
156245,IN16B036,CPG,T3,0.5283458232879639,1.7241944074630737,0.3494694232940674,0.14049586776859505,True
156505,MNml76,MN,T2,10.186385154724121,10.186384201049805,1.2704307437161333e-06,1.0,True
156857,Fe reductor MN,MN,T1,0.0,0.0,0.0,0.0,True
157207,Tr flexor MN,MN,T2,0.0,0.0,0.0,0.0,True
157320,Ta levator MN,MN,T1,0.0,0.0,0.0,0.0,True
157432,Sternotrochanter MN,MN,T3,0.0,0.0,0.0,0.0,True
157503,Sternotrochanter MN,MN,T3,0.0,0.0,0.0,0.0,True
157709,MNhl60,MN,T3,0.0,0.0,0.0,0.0,True
158681,Fe reductor MN,MN,T2,0.0,0.0,0.0,0.0,True
158694,Tr flexor MN,MN,T1,0.0,0.0,0.0,0.0,True
158769,Tr flexor MN,MN,T2,1.9988229274749756,6.999441146850586,2.156447410583496,0.5003756574004508,True
158889,ltm2-femur MN,MN,T3,0.0,0.0,0.0,0.0,True
159762,Tergotr. MN,MN,T3,0.0,0.0,0.0,0.0,True
159822,Tr flexor MN,MN,T1,10.984317779541016,10.99310302734375,0.006319372449070215,1.0,True
162825,MNml76,MN,T2,0.0,0.0,0.0,0.0,True
162827,MNml86,MN,T2,0.0,0.0,0.0,0.0,True
162830,ltm1-tibia MN,MN,T2,0.020024379715323448,0.13335248827934265,0.028002029284834862,0.0,True
162833,Tr extensor MN,MN,T2,0.0,0.0,0.0,0.0,True
162868,Acc. ti flexor MN,MN,T2,0.0,0.0,0.0,0.0,True
162912,Tr extensor MN,MN,T3,0.0,0.0,0.0,0.0,True
162913,Tr flexor MN,MN,T3,0.0,0.0,0.0,0.0,True
163009,MNhl73,MN,T3,0.0,0.0,0.0,0.0,True
163686,Tr flexor MN,MN,T1,0.0,0.0,0.0,0.0,True
163719,Sternal posterior rotator MN,MN,T1,0.0,0.0,0.0,0.0,True
164741,Sternal anterior rotator MN,MN,T3,0.0,0.0,0.0,0.0,True
165340,Tr extensor MN,MN,T3,0.0,0.0,0.0,0.0,True
165511,Ta depressor MN,MN,T1,23.38069725036621,23.500253677368164,0.07473345100879669,1.0,True
166171,Tr flexor MN,MN,T3,0.0,0.0,0.0,0.0,True
166309,Tergotr. MN,MN,T1,0.0,0.0,0.0,0.0,True
166337,Pleural remotor/abductor MN,MN,T2,0.0,0.0,0.0,0.0,True
166374,Acc. ti flexor MN,MN,T1,0.0,0.0,0.0,0.0,True
166385,ltm1-tibia MN,MN,T1,0.0,0.0,0.0,0.0,True
166392,Sternotrochanter MN,MN,T2,0.0,0.0,0.0,0.0,True
166393,ltm MN,MN,T3,0.0,0.0,0.0,0.0,True
166397,Acc. ti flexor MN,MN,T2,0.0,0.0,0.0,0.0,True
167438,Ti flexor MN,MN,T2,4.12076997756958,4.1254448890686035,0.003414182923734188,1.0,True
167442,Tr flexor MN,MN,T2,0.0,0.0,0.0,0.0,True
167919,MNml78,MN,T2,0.0,0.0,0.0,0.0,True
171055,Sternal adductor MN,MN,T2,2.058753728866577,2.158181667327881,0.050314903259277344,1.0,True
171948,Tr flexor MN,MN,T2,7.610260486602783,20.511924743652344,6.331305027008057,0.898572501878287,True
172408,Sternal posterior rotator MN,MN,T2,0.0,0.0,0.0,0.0,True
173560,Tr extensor MN,MN,T1,0.0,0.0,0.0,0.0,True
175327,Tergotr. MN,MN,T2,0.0,0.0,0.0,0.0,True
176866,Acc. ti flexor MN,MN,T3,0.0,0.0,0.0,0.0,True
192299,Ti flexor MN,MN,T2,0.0,0.0,0.0,0.0,True
192364,MNhl71,MN,T3,0.0,0.0,0.0,0.0,True
200065,MNml77,MN,T2,0.6946178078651428,0.9786022305488586,0.15139934420585632,0.0,True
218885,Tr flexor MN,MN,T2,0.029266001656651497,0.14089356362819672,0.03207096457481384,0.0,True
219796,Sternal anterior rotator MN,MN,T2,0.0,0.0,0.0,0.0,True
219853,Pleural remotor/abductor MN,MN,T2,0.0,0.0,0.0,0.0,True
219894,Fe reductor MN,MN,T1,0.0,0.0,0.0,0.0,True
221983,MNhl01,MN,T3,0.0,0.0,0.0,0.0,True
226276,Fe reductor MN,MN,T1,0.0,0.0,0.0,0.0,True
11162403133,Sternal posterior rotator MN,MN,T3,0.0,0.0,0.0,0.0,True
28532466490,ltm2-femur MN,MN,T2,7.036274433135986,7.2305145263671875,0.11126822978258133,1.0,True
