experiment_id,condition,comparison,metric,n_pairs,mean_difference,ci_low,ci_high,cohens_dz,p_raw,test,p_holm
A1,tonic,full - no_cpg,motor_rhythm_power,8,0.7290860116481781,0.6709826320409775,0.7763156369328499,8.862483752948407,4.103000166343218e-08,paired two-sided t; descriptive at small n,7.180250291100631e-06
A1,tonic,full - no_delay,motor_rhythm_power,8,0.4437699541449547,0.26501051150262356,0.6236758265644313,1.5830210802457063,0.00287504029871264,paired two-sided t; descriptive at small n,0.3306296343519536
A1,tonic,full - no_dn,motor_rhythm_power,8,0.7290860116481781,0.6709826320409775,0.7763156369328499,8.862483752948407,4.103000166343218e-08,paired two-sided t; descriptive at small n,7.180250291100631e-06
A1,tonic,full - no_inhibition,motor_rhythm_power,8,0.7290860116481781,0.6709826320409775,0.7763156369328499,8.862483752948407,4.103000166343218e-08,paired two-sided t; descriptive at small n,7.180250291100631e-06
A1,tonic,full - randomized,motor_rhythm_power,8,0.7290860116481781,0.6709826320409775,0.7763156369328499,8.862483752948407,4.103000166343218e-08,paired two-sided t; descriptive at small n,7.180250291100631e-06
A2,down_large,full - no_cpg,motor_rhythm_power,8,0.02365223760716617,0.015344953862950206,0.03046948807896115,2.021966795156157,0.0007210743155410851,paired two-sided t; descriptive at small n,0.09013428944263563
A2,down_large,full - no_cpg,key_accuracy,8,0.20833333333333331,0.08333333333333333,0.3229166666666667,1.1343565162162876,0.014890184545737789,paired two-sided t; descriptive at small n,1.0
A2,down_large,full - no_cpg,timing_mae_s,3,-0.0006111111111112011,-0.0020000000000000573,0.0018333333333332286,-0.2877846179189771,0.6675811631314297,paired two-sided t; descriptive at small n,1.0
A2,down_large,full - no_feedback,motor_rhythm_power,8,-7.018400356173515e-05,-0.00041792793199419976,0.0002195045817643404,-0.1503620951915675,0.6833953049533311,paired two-sided t; descriptive at small n,1.0
A2,down_large,full - no_feedback,key_accuracy,8,0.0,0.0,0.0,,1.0,paired two-sided t; descriptive at small n,1.0
A2,down_large,full - no_feedback,timing_mae_s,7,-0.00014285714285714298,-0.00042857142857142893,0.0,-0.3779644730092272,0.3559176837495822,paired two-sided t; descriptive at small n,1.0
A2,down_small,full - no_cpg,motor_rhythm_power,8,0.5100218616425991,0.40114749744534495,0.6232789697125555,2.939242294879269,7.125770673762934e-05,paired two-sided t; descriptive at small n,0.009833563529792849
A2,down_small,full - no_cpg,key_accuracy,8,0.23958333333333331,0.09374999999999999,0.3854166666666667,1.1110055505411902,0.016324408752003063,paired two-sided t; descriptive at small n,1.0
A2,down_small,full - no_cpg,timing_mae_s,3,-0.00047777777777786395,-0.0016666666666667745,0.0018333333333332286,-0.23867903199802826,0.7194213109797052,paired two-sided t; descriptive at small n,1.0
A2,down_small,full - no_feedback,motor_rhythm_power,8,-0.004354417324066162,-0.01931549599394202,0.006662532687187195,-0.2073240198917338,0.5760192099674054,paired two-sided t; descriptive at small n,1.0
A2,down_small,full - no_feedback,key_accuracy,8,0.010416666666666671,0.0,0.031250000000000014,0.35355339059327373,0.3506166628202074,paired two-sided t; descriptive at small n,1.0
A2,down_small,full - no_feedback,timing_mae_s,7,-0.00016190476190475596,-0.0004952380952380724,0.00017142857142856047,-0.32961586209002774,0.41669176433995936,paired two-sided t; descriptive at small n,1.0
A2,up_large,full - no_cpg,motor_rhythm_power,8,0.5413408004678786,0.4966115332208574,0.5900885848328471,7.274014817580647,1.6083335134317106e-07,paired two-sided t; descriptive at small n,2.7180836376995907e-05
A2,up_large,full - no_cpg,key_accuracy,8,0.21875000000000003,0.08333333333333336,0.34375,1.0998361234441258,0.017061929306623074,paired two-sided t; descriptive at small n,1.0
A2,up_large,full - no_cpg,timing_mae_s,8,-0.002903571428571316,-0.0049404761904761115,-0.0006869047619046439,-0.8821203879500246,0.04129245565739878,paired two-sided t; descriptive at small n,1.0
A2,up_large,full - no_feedback,motor_rhythm_power,8,0.0002812892198562622,-0.004539551399648189,0.005320022255182268,0.03608615610978803,0.9215657070284419,paired two-sided t; descriptive at small n,1.0
A2,up_large,full - no_feedback,key_accuracy,8,0.0,0.0,0.0,,1.0,paired two-sided t; descriptive at small n,1.0
A2,up_large,full - no_feedback,timing_mae_s,8,-0.00012857142857142928,-0.000420297619047626,0.00014166666666667188,-0.29706994698795886,0.428535998035375,paired two-sided t; descriptive at small n,1.0
A2,up_small,full - no_cpg,motor_rhythm_power,8,0.6858429908752441,0.6416318766772747,0.7232175318524241,10.750171334378521,1.0736439132784468e-08,paired two-sided t; descriptive at small n,1.9110861656356354e-06
A2,up_small,full - no_cpg,key_accuracy,8,0.23958333333333334,0.12500000000000003,0.34375,1.4672787658601847,0.00429460586015992,paired two-sided t; descriptive at small n,0.48099585633791103
A2,up_small,full - no_cpg,timing_mae_s,8,-0.004025793650793596,-0.0054793402777778034,-0.0023124255952379443,-1.6246602138071184,0.002498239648928727,paired two-sided t; descriptive at small n,0.2953515880631735
A2,up_small,full - no_feedback,motor_rhythm_power,8,-0.0015767067670822144,-0.008311815559864044,0.005339525640010834,-0.14857494557555453,0.686914060356763,paired two-sided t; descriptive at small n,1.0
A2,up_small,full - no_feedback,key_accuracy,8,0.0,0.0,0.0,,1.0,paired two-sided t; descriptive at small n,1.0
A2,up_small,full - no_feedback,timing_mae_s,8,-0.00031845238095241576,-0.000613095238095298,-7.142857142860767e-05,-0.7748161621289608,0.06453465757976462,paired two-sided t; descriptive at small n,1.0
A3,interruption,full - no_cpg,motor_rhythm_power,8,0.7109224237501621,0.6351002421230078,0.7696267206221818,6.9661987745088965,2.1669041077310947e-07,paired two-sided t; descriptive at small n,3.537110487659566e-05
A3,interruption,full - no_cpg,key_accuracy,8,0.27083333333333337,0.11458333333333334,0.42708333333333337,1.1339618887852412,0.01491327176637428,paired two-sided t; descriptive at small n,1.0
A3,interruption,full - no_cpg,timing_mae_s,4,-0.002341666666666669,-0.004033333333333354,-0.0005749999999999818,-1.0921265162451583,0.11688197800824993,paired two-sided t; descriptive at small n,1.0
A3,interruption,full - no_feedback,motor_rhythm_power,8,-0.0028019212186336517,-0.01730448380112648,0.01135052740573883,-0.12646069755502973,0.7311210155926192,paired two-sided t; descriptive at small n,1.0
A3,interruption,full - no_feedback,key_accuracy,8,0.0,0.0,0.0,,1.0,paired two-sided t; descriptive at small n,1.0
A3,interruption,full - no_feedback,timing_mae_s,7,-0.00014285714285713704,-0.0004285714285714111,0.0,-0.37796447300922725,0.3559176837495822,paired two-sided t; descriptive at small n,1.0
A4,delayed,full - no_feedback,motor_rhythm_power,8,-0.008537493646144867,-0.020300589315593243,0.0018773576244711884,-0.5024771249718883,0.1982345280638669,paired two-sided t; descriptive at small n,1.0
A4,delayed,full - no_feedback,key_accuracy,8,0.0,0.0,0.0,,1.0,paired two-sided t; descriptive at small n,1.0
A4,delayed,full - no_feedback,timing_mae_s,8,0.0,0.0,0.0,,1.0,paired two-sided t; descriptive at small n,1.0
A4,noisy,full - no_feedback,motor_rhythm_power,8,0.00025545060634613037,-0.013020507991313934,0.012214331701397903,0.013097049872230485,0.9714841673503971,paired two-sided t; descriptive at small n,1.0
A4,noisy,full - no_feedback,key_accuracy,8,0.0,0.0,0.0,,1.0,paired two-sided t; descriptive at small n,1.0
A4,noisy,full - no_feedback,timing_mae_s,8,-0.00019642857142856615,-0.00046428571428570355,0.0,-0.5151221963699347,0.188467963275177,paired two-sided t; descriptive at small n,1.0
A4,normal,full - no_feedback,motor_rhythm_power,8,-0.0018913261592388153,-0.016361061483621597,0.011187055334448815,-0.08849660023470975,0.8095380740945592,paired two-sided t; descriptive at small n,1.0
A4,normal,full - no_feedback,key_accuracy,8,0.0,0.0,0.0,,1.0,paired two-sided t; descriptive at small n,1.0
A4,normal,full - no_feedback,timing_mae_s,8,-0.00010714285714285253,-0.0003214285714285576,0.0,-0.3535533905932738,0.3506166628202074,paired two-sided t; descriptive at small n,1.0
A5,late,full - no_dn,motor_rhythm_power,8,0.7205547466874123,0.6525498263537883,0.7690844312310219,7.718642126938856,1.067754614124963e-07,paired two-sided t; descriptive at small n,1.8151828440124372e-05
A5,late,full - no_dn,key_accuracy,8,0.4166666666666667,0.3125,0.5,2.7003086243366083,0.00012239578027890596,paired two-sided t; descriptive at small n,0.016768221898210117
A5,left_bias,full - no_dn,motor_rhythm_power,8,0.7377928197383881,0.6510456060990691,0.8268356923013926,5.36291231015108,1.302116533088209e-06,paired two-sided t; descriptive at small n,0.00019792171302940778
A5,left_bias,full - no_dn,key_accuracy,8,0.0,0.0,0.0,,1.0,paired two-sided t; descriptive at small n,1.0
A5,strong,full - no_dn,motor_rhythm_power,8,0.6640029698610306,0.6069905202835798,0.7270424930378795,6.999650362730407,2.096546918787654e-07,paired two-sided t; descriptive at small n,3.501233354375382e-05
A5,strong,full - no_dn,key_accuracy,8,0.625,0.5416666666666667,0.7083333333333334,4.677071733467426,3.297071338230569e-06,paired two-sided t; descriptive at small n,0.0004879665580581242
A5,weak,full - no_dn,motor_rhythm_power,8,0.0,0.0,0.0,,1.0,paired two-sided t; descriptive at small n,1.0
A5,weak,full - no_dn,key_accuracy,8,0.0,0.0,0.0,,1.0,paired two-sided t; descriptive at small n,1.0
B1,novel,full - direct,motor_rhythm_power,8,-0.008000779896974564,-0.023003363516181707,0.0026523337699472923,-0.39133289206722216,0.3049364772726522,paired two-sided t; descriptive at small n,1.0
B1,novel,full - direct,key_accuracy,8,-0.39583333333333326,-0.5520833333333333,-0.26041666666666663,-1.718168444518266,0.0018357555163832247,paired two-sided t; descriptive at small n,0.2239621729987534
B1,novel,full - direct,timing_mae_s,8,0.017431006493506554,0.013878591720779222,0.02031755050505045,3.4574348657019853,2.4783634744234173e-05,paired two-sided t; descriptive at small n,0.0034944924989370185
B1,novel,full - hand_cpg,motor_rhythm_power,8,-0.00020757317543029785,-0.0020137354731559753,0.0012321300804615022,-0.08163990866004425,0.8239866658863818,paired two-sided t; descriptive at small n,1.0
B1,novel,full - hand_cpg,key_accuracy,8,-0.46874999999999994,-0.6145833333333333,-0.35416666666666663,-2.2467925856822926,0.0003834312240715919,paired two-sided t; descriptive at small n,0.05022949035337841
B1,novel,full - hand_cpg,timing_mae_s,8,0.012752976190476285,0.012124950396825512,0.013357142857143086,13.199078201960365,2.572678803797181e-09,paired two-sided t; descriptive at small n,4.68227542291087e-07
B1,novel,full - no_body_mapping,motor_rhythm_power,8,0.0,0.0,0.0,,1.0,paired two-sided t; descriptive at small n,1.0
B1,novel,full - no_body_mapping,key_accuracy,8,0.0,0.0,0.0,,1.0,paired two-sided t; descriptive at small n,1.0
B1,novel,full - no_body_mapping,timing_mae_s,8,0.0,0.0,0.0,,1.0,paired two-sided t; descriptive at small n,1.0
B1,novel,full - no_cpg,motor_rhythm_power,8,0.711833018809557,0.6366414166986942,0.7705627335235476,6.983212268405948,2.1307894503973287e-07,paired two-sided t; descriptive at small n,3.537110487659566e-05
B1,novel,full - no_cpg,key_accuracy,8,0.3125,0.12500000000000003,0.49999999999999994,1.1127477464231559,0.016212469748676038,paired two-sided t; descriptive at small n,1.0
B1,novel,full - no_cpg,timing_mae_s,6,-0.001246031746031502,-0.0025582010582008916,-7.936507936459151e-05,-0.7164395141554669,0.13963588193315574,paired two-sided t; descriptive at small n,1.0
B1,novel,full - no_delay,motor_rhythm_power,8,0.4341342858970165,0.24848237726837397,0.616556690633297,1.5361696904212616,0.0033756243225528454,paired two-sided t; descriptive at small n,0.38482117277102434
B1,novel,full - no_delay,key_accuracy,8,0.0,0.0,0.0,,1.0,paired two-sided t; descriptive at small n,1.0
B1,novel,full - no_delay,timing_mae_s,8,-0.0006884920634920473,-0.0013571924603174542,-0.00012500000000000532,-0.6981211050869871,0.08888852446854148,paired two-sided t; descriptive at small n,1.0
B1,novel,full - no_dn,motor_rhythm_power,8,0.711833018809557,0.6366414166986942,0.7705627335235476,6.983212268405948,2.1307894503973287e-07,paired two-sided t; descriptive at small n,3.537110487659566e-05
B1,novel,full - no_dn,key_accuracy,8,0.53125,0.3854166666666667,0.6458333333333334,2.546364930439932,0.0001771160310759399,paired two-sided t; descriptive at small n,0.023910664195251886
B1,novel,full - no_feedback,motor_rhythm_power,8,-0.0018913261592388153,-0.016361061483621597,0.011187055334448815,-0.08849660023470975,0.8095380740945592,paired two-sided t; descriptive at small n,1.0
B1,novel,full - no_feedback,key_accuracy,8,0.0,0.0,0.0,,1.0,paired two-sided t; descriptive at small n,1.0
B1,novel,full - no_feedback,timing_mae_s,8,-0.00010714285714285253,-0.0003214285714285576,0.0,-0.3535533905932738,0.3506166628202074,paired two-sided t; descriptive at small n,1.0
B1,novel,full - no_inhibition,motor_rhythm_power,8,0.6487706732004881,0.5799603900872171,0.7114064553752542,6.414623422988731,3.822304494928992e-07,paired two-sided t; descriptive at small n,6.115687191886387e-05
B1,novel,full - no_inhibition,key_accuracy,8,-0.05208333333333332,-0.07291666666666669,-0.020833333333333336,-1.20761472884912,0.01120143255409014,paired two-sided t; descriptive at small n,1.0
B1,novel,full - no_inhibition,timing_mae_s,8,0.018225892857142864,0.015372105654761797,0.0209797817460318,4.033087117382042,8.926145061048157e-06,paired two-sided t; descriptive at small n,0.0012942910338519828
B1,novel,full - no_interleg,motor_rhythm_power,8,0.0,0.0,0.0,,1.0,paired two-sided t; descriptive at small n,1.0
B1,novel,full - no_interleg,key_accuracy,8,0.0,0.0,0.0,,1.0,paired two-sided t; descriptive at small n,1.0
B1,novel,full - no_interleg,timing_mae_s,8,0.0,0.0,0.0,,1.0,paired two-sided t; descriptive at small n,1.0
B1,novel,full - no_intraleg,motor_rhythm_power,8,0.711833018809557,0.6366414166986942,0.7705627335235476,6.983212268405948,2.1307894503973287e-07,paired two-sided t; descriptive at small n,3.537110487659566e-05
B1,novel,full - no_intraleg,key_accuracy,8,0.3125,0.12500000000000003,0.49999999999999994,1.1127477464231559,0.016212469748676038,paired two-sided t; descriptive at small n,1.0
B1,novel,full - no_intraleg,timing_mae_s,6,-0.001246031746031502,-0.0025582010582008916,-7.936507936459151e-05,-0.7164395141554669,0.13963588193315574,paired two-sided t; descriptive at small n,1.0
B1,novel,full - no_memory,motor_rhythm_power,8,0.0009020902216434479,-0.012960727699100972,0.013555322960019113,0.044220599565584766,0.9039805934580848,paired two-sided t; descriptive at small n,1.0
B1,novel,full - no_memory,key_accuracy,8,-0.06249999999999999,-0.12499999999999999,6.938893903907228e-18,-0.643796306459214,0.11141646787533994,paired two-sided t; descriptive at small n,1.0
B1,novel,full - no_memory,timing_mae_s,8,-0.01665228174603165,-0.018589422123015835,-0.015131324404761743,-6.034373386122303,5.813586261337667e-07,paired two-sided t; descriptive at small n,9.243602155526892e-05
B1,novel,full - randomized,motor_rhythm_power,8,0.711833018809557,0.6366414166986942,0.7705627335235476,6.983212268405948,2.1307894503973287e-07,paired two-sided t; descriptive at small n,3.537110487659566e-05
B1,novel,full - randomized,key_accuracy,8,-0.46874999999999994,-0.6145833333333333,-0.35416666666666663,-2.2467925856822926,0.0003834312240715919,paired two-sided t; descriptive at small n,0.05022949035337841
B1,novel,full - randomized,timing_mae_s,8,0.019482142857142865,0.015372668650793455,0.02192261904761922,3.4415666581399647,2.5544477116752266e-05,paired two-sided t; descriptive at small n,0.003550682319228565
B1,novel,full - rnn,motor_rhythm_power,8,0.711833018809557,0.6366414166986942,0.7705627335235476,6.983212268405948,2.1307894503973287e-07,paired two-sided t; descriptive at small n,3.537110487659566e-05
B1,novel,full - rnn,key_accuracy,8,-0.46874999999999994,-0.6145833333333333,-0.35416666666666663,-2.2467925856822926,0.0003834312240715919,paired two-sided t; descriptive at small n,0.05022949035337841
B1,novel,full - rnn,timing_mae_s,8,0.023315476190476223,0.022551587301587378,0.0240238095238095,20.534491416888656,1.1769870418129857e-10,paired two-sided t; descriptive at small n,2.1538862865177638e-08
B1,novel,full - sequence_specific,motor_rhythm_power,8,-0.001111391931772232,-0.012262295186519622,0.01043776050209999,-0.0631290016861688,0.8633443520862711,paired two-sided t; descriptive at small n,1.0
B1,novel,full - sequence_specific,key_accuracy,8,0.40625,0.23958333333333331,0.5625,1.6266145061110988,0.002481946118177929,paired two-sided t; descriptive at small n,0.2953515880631735
B1,novel,full - sequence_specific,timing_mae_s,6,0.024499999999999533,0.02299999999999952,0.025888888888888417,11.808170629052873,9.256923286971737e-07,paired two-sided t; descriptive at small n,0.00014348231094806193
B2,height,full - direct,motor_rhythm_power,8,-0.002999342978000641,-0.015198912099003791,0.009802135452628136,-0.15320907987307641,0.6778072339281075,paired two-sided t; descriptive at small n,1.0
B2,height,full - direct,key_accuracy,8,-0.1875,-0.32291666666666663,-0.0625,-0.9240755719369508,0.0347269062186254,paired two-sided t; descriptive at small n,1.0
B2,height,full - direct,timing_mae_s,8,0.04435517676767675,0.03161060606060604,0.05558749999999998,2.425746238396217,0.00023958783778769724,paired two-sided t; descriptive at small n,0.031865182425763736
B2,height,full - no_body_mapping,motor_rhythm_power,8,0.0006879791617393494,-0.005535833537578583,0.007321567460894588,0.06958928642674601,0.8495547863146388,paired two-sided t; descriptive at small n,1.0
B2,height,full - no_body_mapping,key_accuracy,8,0.07291666666666669,2.7755575615628914e-17,0.15625,0.6002450479987811,0.13336447210024227,paired two-sided t; descriptive at small n,1.0
B2,height,full - no_body_mapping,timing_mae_s,8,0.06395934343434348,0.0630853535353536,0.06495266729797981,44.585350669086125,5.200203421103123e-13,paired two-sided t; descriptive at small n,9.568374294829746e-11
B2,height,full - no_memory,motor_rhythm_power,8,-0.005743257701396942,-0.02233263887465,0.012125811167061329,-0.21961988047350248,0.5541628706899717,paired two-sided t; descriptive at small n,1.0
B2,height,full - no_memory,key_accuracy,8,0.04166666666666668,6.938893903907228e-18,0.0729166666666667,0.6614378277661478,0.10355171027145908,paired two-sided t; descriptive at small n,1.0
B2,height,full - no_memory,timing_mae_s,8,0.0006919191919191811,-0.0005936521464646062,0.0018922206439394228,0.3592700257733621,0.3433776668414149,paired two-sided t; descriptive at small n,1.0
B2,mirrored,full - direct,motor_rhythm_power,8,-0.01069890707731247,-0.023963169008493424,0.0004243776202201843,-0.5631654950086624,0.1552167747462518,paired two-sided t; descriptive at small n,1.0
B2,mirrored,full - direct,key_accuracy,8,0.4791666666666667,0.3333333333333333,0.6145833333333333,2.2073442008560047,0.00042690858494615633,paired two-sided t; descriptive at small n,0.05421739028816185
B2,mirrored,full - direct,timing_mae_s,2,-7.077671781985373e-16,-0.00020000000000068574,0.0001999999999992702,-2.5023348560275422e-12,1.0,paired two-sided t; descriptive at small n,1.0
B2,mirrored,full - no_body_mapping,motor_rhythm_power,8,0.0602058544754982,0.0062223076820373535,0.10574592724442483,0.7833116183027441,0.06228589454408815,paired two-sided t; descriptive at small n,1.0
B2,mirrored,full - no_body_mapping,key_accuracy,8,0.46875,0.3333333333333333,0.6041666666666666,2.246792585682293,0.0003834312240715909,paired two-sided t; descriptive at small n,0.05022949035337841
B2,mirrored,full - no_body_mapping,timing_mae_s,5,-0.0641714285714284,-0.08354285714285713,-0.04479999999999964,-2.5108344385364587,0.004945935347722209,paired two-sided t; descriptive at small n,0.5489988235971652
B2,mirrored,full - no_memory,motor_rhythm_power,8,-0.006563343107700348,-0.016416186466813087,0.0028542354702949524,-0.43509313492516605,0.25820577795600447,paired two-sided t; descriptive at small n,1.0
B2,mirrored,full - no_memory,key_accuracy,8,-0.04166666666666667,-0.07291666666666667,-0.010416666666666671,-0.9354143466934853,0.03314550026377369,paired two-sided t; descriptive at small n,1.0
B2,mirrored,full - no_memory,timing_mae_s,8,-0.016818650793650754,-0.01776607142857131,-0.015803769841269823,-11.112117380797127,8.52788093892515e-09,paired two-sided t; descriptive at small n,1.5350185690065269e-06
B2,shifted,full - direct,motor_rhythm_power,8,-0.00998825952410698,-0.013416103553026915,-0.0059036985039711,-1.7213764794543294,0.0018167745572073176,paired two-sided t; descriptive at small n,0.22346327053650006
B2,shifted,full - direct,key_accuracy,8,0.4479166666666667,0.2604166666666667,0.6145833333333333,1.6114931313411023,0.002611145011181954,paired two-sided t; descriptive at small n,0.30289282129710665
B2,shifted,full - direct,timing_mae_s,8,0.002406746031746487,-0.0020522817460314675,0.006930902777778277,0.3402494693697959,0.36792105900714955,paired two-sided t; descriptive at small n,1.0
B2,shifted,full - no_body_mapping,motor_rhythm_power,8,-0.002425074577331543,-0.0057401183992624285,0.0003846131265163423,-0.5144222966121361,0.18899700428158092,paired two-sided t; descriptive at small n,1.0
B2,shifted,full - no_body_mapping,key_accuracy,8,0.625,0.45833333333333337,0.75,2.7003086243366083,0.00012239578027890596,paired two-sided t; descriptive at small n,0.016768221898210117
B2,shifted,full - no_memory,motor_rhythm_power,8,-0.003320503979921341,-0.010991220921278,0.005437500588595872,-0.2631648012880475,0.48090479245714696,paired two-sided t; descriptive at small n,1.0
B2,shifted,full - no_memory,key_accuracy,8,0.041666666666666685,-0.010416666666666656,0.09375000000000003,0.540061724867322,0.1704706607870537,paired two-sided t; descriptive at small n,1.0
B2,shifted,full - no_memory,timing_mae_s,8,-0.016429563492063454,-0.018878968253968193,-0.013901550099206341,-4.2098533027070575,6.698024224941003e-06,paired two-sided t; descriptive at small n,0.0009779115368413864
B2,spacing,full - direct,motor_rhythm_power,8,-0.00996226817369461,-0.024296131543815137,-0.00037135183811187744,-0.5121692099263264,0.1907091739994386,paired two-sided t; descriptive at small n,1.0
B2,spacing,full - direct,key_accuracy,8,-0.41666666666666663,-0.5625,-0.28125,-1.9943100880436642,0.0007819631804737887,paired two-sided t; descriptive at small n,0.0969634343787498
B2,spacing,full - direct,timing_mae_s,8,0.01869499458874472,0.015188267045454725,0.021897913961039035,3.542681923854312,2.111119899886888e-05,paired two-sided t; descriptive at small n,0.0030189014568382496
B2,spacing,full - no_body_mapping,motor_rhythm_power,8,-0.00038708001375198364,-0.0018725432455539703,0.0010439271107316025,-0.16990842312404844,0.6454753117514364,paired two-sided t; descriptive at small n,1.0
B2,spacing,full - no_body_mapping,key_accuracy,8,0.020833333333333343,0.0,0.052083333333333356,0.5400617248673217,0.1704706607870537,paired two-sided t; descriptive at small n,1.0
B2,spacing,full - no_body_mapping,timing_mae_s,8,0.0010357142857143776,0.0004786458333333776,0.0016607142857143747,1.173412582767442,0.012784106298876902,paired two-sided t; descriptive at small n,1.0
B2,spacing,full - no_memory,motor_rhythm_power,8,-0.004163466393947601,-0.016983899287879467,0.008788050524890425,-0.21179085656331925,0.5680216659145072,paired two-sided t; descriptive at small n,1.0
B2,spacing,full - no_memory,key_accuracy,8,0.020833333333333322,-0.020833333333333332,0.05208333333333334,0.3535533905932737,0.3506166628202079,paired two-sided t; descriptive at small n,1.0
B2,spacing,full - no_memory,timing_mae_s,8,-0.015650297619047453,-0.01785130208333312,-0.01358928571428559,-4.7737911059635385,2.8707167208628297e-06,paired two-sided t; descriptive at small n,0.00042773679140856164
B3,disable_LF,full - direct,motor_rhythm_power,8,-0.00013371184468269348,-0.011761296540498734,0.011505575850605965,-0.007453579618439896,0.9837686663270686,paired two-sided t; descriptive at small n,1.0
B3,disable_LF,full - direct,key_accuracy,8,-0.24999999999999997,-0.4375,-0.0625,-0.8461141122266491,0.047944772179623445,paired two-sided t; descriptive at small n,1.0
B3,disable_LF,full - direct,timing_mae_s,8,0.01968593073593078,0.016583008658008894,0.022217986111111143,4.488095084511262,4.355595028203877e-06,paired two-sided t; descriptive at small n,0.0006402724691459699
B3,disable_LF,full - no_memory,motor_rhythm_power,8,0.0009020902216434479,-0.012960727699100972,0.013555322960019113,0.044220599565584766,0.9039805934580848,paired two-sided t; descriptive at small n,1.0
B3,disable_LF,full - no_memory,key_accuracy,8,-0.06249999999999999,-0.12499999999999999,6.938893903907228e-18,-0.643796306459214,0.11141646787533994,paired two-sided t; descriptive at small n,1.0
B3,disable_LF,full - no_memory,timing_mae_s,8,-0.01665228174603165,-0.018589422123015835,-0.015131324404761743,-6.034373386122303,5.813586261337667e-07,paired two-sided t; descriptive at small n,9.243602155526892e-05
B3,disable_LM,full - direct,motor_rhythm_power,8,-0.006284292787313461,-0.016912310384213924,0.0028117121197283276,-0.4141127628217617,0.2798046359209509,paired two-sided t; descriptive at small n,1.0
B3,disable_LM,full - direct,key_accuracy,8,-0.21875000000000003,-0.36458333333333337,-0.10416666666666669,-1.0485032066517366,0.020937570206924636,paired two-sided t; descriptive at small n,1.0
B3,disable_LM,full - direct,timing_mae_s,8,0.01661458333333338,0.01329487847222237,0.01945833333333332,3.461553744559039,2.4590367023263564e-05,paired two-sided t; descriptive at small n,0.003491832117303426
B3,disable_LM,full - no_memory,motor_rhythm_power,8,0.0002716667950153351,-0.013656701892614365,0.012673094775527723,0.01310165518064218,0.9714741455867477,paired two-sided t; descriptive at small n,1.0
B3,disable_LM,full - no_memory,key_accuracy,8,-0.05208333333333333,-0.12499999999999999,0.03125,-0.41502300476984283,0.2788371382102004,paired two-sided t; descriptive at small n,1.0
B3,disable_LM,full - no_memory,timing_mae_s,8,-0.01722440476190465,-0.01945838789682536,-0.015278695436507743,-5.322549359253958,1.3709110308881893e-06,paired two-sided t; descriptive at small n,0.00020700756566411659
B3,forced_RF,full - direct,motor_rhythm_power,8,0.0026489049196243286,-0.00037429612129926673,0.007266469299793243,0.42348583708399823,0.26997490973302235,paired two-sided t; descriptive at small n,1.0
B3,forced_RF,full - direct,key_accuracy,8,-0.010416666666666671,-0.031250000000000014,0.0,-0.35355339059327373,0.3506166628202074,paired two-sided t; descriptive at small n,1.0
B3,forced_RF,full - direct,timing_mae_s,8,0.018191287878787956,0.016401515151515236,0.01968560606060609,7.141340355542451,1.8260510804570612e-07,paired two-sided t; descriptive at small n,3.067765815167863e-05
B3,forced_RF,full - no_memory,motor_rhythm_power,8,0.004268243908882141,-0.011888328939676285,0.02327569127082826,0.15333422914485959,0.6775620853567302,paired two-sided t; descriptive at small n,1.0
B3,forced_RF,full - no_memory,key_accuracy,8,0.26041666666666663,0.17708333333333337,0.34375,2.14373231428136,0.0005091616078486171,paired two-sided t; descriptive at small n,0.06415436258892575
B3,forced_RF,full - no_memory,timing_mae_s,8,-0.015747979797979803,-0.017669687499999972,-0.013996578282828293,-5.550411003109719,1.0299889740581604e-06,paired two-sided t; descriptive at small n,0.00015758831303089855
B4,alternating,full - no_memory,motor_rhythm_power,8,0.00106155127286911,-0.004774361848831177,0.008920080214738845,0.09875666684104789,0.7880674889116844,paired two-sided t; descriptive at small n,1.0
B4,alternating,full - no_memory,key_accuracy,8,0.0,0.0,0.0,,1.0,paired two-sided t; descriptive at small n,1.0
B4,alternating,full - no_memory,timing_mae_s,8,-0.01887499999999996,-0.02120833333333324,-0.016958333333333332,-5.728868731279484,8.296946748993195e-07,paired two-sided t; descriptive at small n,0.00012943236928429384
B4,alternating,full - sequence_specific,motor_rhythm_power,8,0.020886100828647614,-0.01620690729469061,0.06047325525432827,0.3517359476638647,0.35294279482016405,paired two-sided t; descriptive at small n,1.0
B4,alternating,full - sequence_specific,key_accuracy,8,0.25,0.25,0.25,,,paired two-sided t; descriptive at small n,
B4,alternating,full - sequence_specific,timing_mae_s,8,0.02712499999999997,0.02479166666666669,0.029041666666666598,8.232877580712909,6.835427587559509e-08,paired two-sided t; descriptive at small n,1.1688581174726761e-05
B4,long,full - no_memory,motor_rhythm_power,8,0.006926536560058594,-0.0012370429933071135,0.015437677502632141,0.5315431273460288,0.17643399614179855,paired two-sided t; descriptive at small n,1.0
B4,long,full - no_memory,key_accuracy,8,0.016304347826086963,-0.02717391304347827,0.05434782608695653,0.24901380286190572,0.5039855405717247,paired two-sided t; descriptive at small n,1.0
B4,long,full - no_memory,timing_mae_s,8,-0.015224278234020797,-0.017014163463680863,-0.013088365124458788,-4.883170807994443,2.4622793950870636e-06,paired two-sided t; descriptive at small n,0.0003693419092630595
B4,long,full - sequence_specific,motor_rhythm_power,8,0.017986595630645752,-0.0036429166793823242,0.0464522771537304,0.4361103458404533,0.25719540748015673,paired two-sided t; descriptive at small n,1.0
B4,long,full - sequence_specific,key_accuracy,8,0.29891304347826086,0.15217391304347827,0.3967391304347826,1.5008862630019921,0.003815944055804593,paired two-sided t; descriptive at small n,0.43120167830591905
B4,long,full - sequence_specific,timing_mae_s,8,-0.029257886904762078,-0.04833334077380987,-0.004886908482142748,-0.89746706621826,0.03875332307797542,paired two-sided t; descriptive at small n,1.0
B4,nonrepeating,full - no_memory,motor_rhythm_power,8,0.0009020902216434479,-0.012960727699100972,0.013555322960019113,0.044220599565584766,0.9039805934580848,paired two-sided t; descriptive at small n,1.0
B4,nonrepeating,full - no_memory,key_accuracy,8,-0.06249999999999999,-0.12499999999999999,6.938893903907228e-18,-0.643796306459214,0.11141646787533994,paired two-sided t; descriptive at small n,1.0
B4,nonrepeating,full - no_memory,timing_mae_s,8,-0.01665228174603165,-0.018589422123015835,-0.015131324404761743,-6.034373386122303,5.813586261337667e-07,paired two-sided t; descriptive at small n,9.243602155526892e-05
B4,nonrepeating,full - sequence_specific,motor_rhythm_power,8,-0.001111391931772232,-0.012262295186519622,0.01043776050209999,-0.0631290016861688,0.8633443520862711,paired two-sided t; descriptive at small n,1.0
B4,nonrepeating,full - sequence_specific,key_accuracy,8,0.40625,0.23958333333333331,0.5625,1.6266145061110988,0.002481946118177929,paired two-sided t; descriptive at small n,0.2953515880631735
B4,nonrepeating,full - sequence_specific,timing_mae_s,6,0.024499999999999533,0.02299999999999952,0.025888888888888417,11.808170629052873,9.256923286971737e-07,paired two-sided t; descriptive at small n,0.00014348231094806193
B4,repeated,full - no_memory,motor_rhythm_power,8,-0.0035567134618759155,-0.010575354099273682,0.0032838955521583557,-0.3335818027756038,0.37683572525554027,paired two-sided t; descriptive at small n,1.0
B4,repeated,full - no_memory,key_accuracy,8,0.0,0.0,0.0,,1.0,paired two-sided t; descriptive at small n,1.0
B4,repeated,full - no_memory,timing_mae_s,6,-0.017777777777777837,-0.018000000000000085,-0.01733333333333334,-32.65986323710527,5.78265318361865e-09,paired two-sided t; descriptive at small n,1.0466602262349756e-06
B4,repeated,full - sequence_specific,motor_rhythm_power,8,0.009833119809627533,-0.007169287092983722,0.02786948122084141,0.36314540010321944,0.33853712061808494,paired two-sided t; descriptive at small n,1.0
B4,repeated,full - sequence_specific,key_accuracy,8,-0.14583333333333331,-0.23958333333333331,-0.08333333333333331,-1.2601440246904172,0.009167452294336187,paired two-sided t; descriptive at small n,1.0
B4,repeated,full - sequence_specific,timing_mae_s,6,0.024499999999999935,0.023833333333333193,0.024833333333333305,30.006249349090492,8.830925389541624e-09,paired two-sided t; descriptive at small n,1.5807356447279506e-06
B4,syncopated,full - no_memory,motor_rhythm_power,8,-0.00919131189584732,-0.02711857110261917,0.007263098098337652,-0.3466485249009167,0.3595176955679869,paired two-sided t; descriptive at small n,1.0
B4,syncopated,full - no_memory,key_accuracy,8,0.02083333333333335,-0.041666666666666664,0.0729166666666667,0.2415229457698241,0.5164895523012257,paired two-sided t; descriptive at small n,1.0
B4,syncopated,full - no_memory,timing_mae_s,8,-0.0167291666666668,-0.01801416170634951,-0.015708320932539807,-9.217076520344937,3.125801620566854e-08,paired two-sided t; descriptive at small n,5.532668868403331e-06
B4,syncopated,full - sequence_specific,motor_rhythm_power,8,-0.0025482922792434692,-0.023877527564764023,0.018456669710576534,-0.07983335853940736,0.8278059526746896,paired two-sided t; descriptive at small n,1.0
B4,syncopated,full - sequence_specific,key_accuracy,8,0.5,0.34375,0.6041666666666667,2.340568492816482,0.0002986718975580284,paired two-sided t; descriptive at small n,0.03942469047765975
B4,syncopated,full - sequence_specific,timing_mae_s,6,0.03333333333333301,0.02759259259259246,0.03911111111111074,3.9992180071549166,0.0001886877850544803,paired two-sided t; descriptive at small n,0.02528416319730036
B5,curved_reach,full - direct,motor_rhythm_power,8,-0.007820770144462585,-0.02447599023580551,0.0038177788257598884,-0.34454463197968116,0.36226415354657576,paired two-sided t; descriptive at small n,1.0
B5,curved_reach,full - direct,key_accuracy,8,-0.39583333333333326,-0.5520833333333333,-0.26041666666666663,-1.718168444518266,0.0018357555163832247,paired two-sided t; descriptive at small n,0.2239621729987534
B5,curved_reach,full - direct,timing_mae_s,8,0.018025577200577257,0.014548584054834104,0.02089797979797995,3.658405153200405,1.7072487198322055e-05,paired two-sided t; descriptive at small n,0.002458438156558376
B5,direct_reach,full - direct,motor_rhythm_power,8,-0.008000779896974564,-0.023003363516181707,0.0026523337699472923,-0.39133289206722216,0.3049364772726522,paired two-sided t; descriptive at small n,1.0
B5,direct_reach,full - direct,key_accuracy,8,-0.39583333333333326,-0.5520833333333333,-0.26041666666666663,-1.718168444518266,0.0018357555163832247,paired two-sided t; descriptive at small n,0.2239621729987534
B5,direct_reach,full - direct,timing_mae_s,8,0.017431006493506554,0.013878591720779222,0.02031755050505045,3.4574348657019853,2.4783634744234173e-05,paired two-sided t; descriptive at small n,0.0034944924989370185
B5,soft_force,full - direct,motor_rhythm_power,8,-0.0055376142263412476,-0.017185768671333788,0.004385883919894699,-0.3308857327731503,0.3804864230379482,paired two-sided t; descriptive at small n,1.0
B5,soft_force,full - direct,key_accuracy,8,-0.8854166666666666,-0.9479166666666666,-0.8229166666666666,-8.945598592448421,3.8459114230555794e-08,paired two-sided t; descriptive at small n,6.7688041045778196e-06
B5,soft_force,full - direct,timing_mae_s,2,0.024575757575757202,0.02381818181818182,0.025333333333332583,22.93854398170266,0.01961831805632018,paired two-sided t; descriptive at small n,1.0
